"","pert","PCID","cell","type","trend","WTCS","WTCS_Pval","WTCS_FDR","NCS","NCSct","N_upset","N_downset","t_gn_sym"
"1","diazepam","3016","HA1E","trt_cp","down",-0.406434597469825,2.58499712060043e-05,0.00129036197925327,-1.51758437930027,-0.874043483615773,100,100,"ABAT; ADRA1A; DBI; GABRA2; GABRA3; GABRA4; GABRA5; GABRA6; GABRB1; GABRB2; GABRB3; GABRD; GABRE; GABRG1; GABRG2; GABRG3; GABRP; GABRQ; GABRR1; GABRR2; GABRR3; TSPO"
"2","KU-0060648","11964036","HA1E","trt_cp","down",-0.405322707981453,2.58934896760481e-05,0.00129036197925327,-1.51343269996596,0,100,100,"PIK3CA; PIK3CB; PIK3CD; PIK3CG; PRKDC"
"3","carbofuran","2566","HA1E","trt_cp","down",-0.402199194675463,2.60240450861794e-05,0.00129036197925327,-1.50176982719082,-0.0247721851682126,100,100,NA
"4","MD-920","6466","HA1E","trt_cp","down",-0.400305708941014,2.6111082026267e-05,0.00129036197925327,-1.49469974902593,0,100,100,NA
"5","thiotepa","5453","HA1E","trt_cp","down",-0.398449676803539,2.61981189663545e-05,0.00129036197925327,-1.48776951868421,0,100,100,"CYP2B6"
"6","IB-MECA","3668","HA1E","trt_cp","down",-0.396151498422032,2.62851559064421e-05,0.00129036197925327,-1.47918836040109,0,100,100,"ADORA1; ADORA2A; ADORA2B; ADORA3"
"7","BRD-K42867405","2482839","HA1E","trt_cp","down",-0.394772982643424,2.63286743764859e-05,0.00129036197925327,-1.47404112631901,-1.21597287957094,100,100,NA
"8","methylnorlichexanthone","5377914","HA1E","trt_cp","down",-0.382003526643992,2.6894414487055e-05,0.00129036197925327,-1.42636130999053,-0.0142636130999054,100,100,"AURKB; KDR; PIM1"
"9","PSH-024","24747169","HA1E","trt_cp","down",-0.38188150846809,2.6894414487055e-05,0.00129036197925327,-1.42590570685317,-0.0168952029503636,100,100,NA
"10","bendroflumethiazide","2315","HA1E","trt_cp","down",-0.380743284259038,2.69379329570988e-05,0.00129036197925327,-1.42165569641963,0,100,100,"CA1; CA4; KCNMA1; SLC12A1; SLC12A3"
"11","SA-1472734","54654437","NKDBA","trt_cp","down",-0.380482769094878,2.69814514271425e-05,0.00129036197925327,-1.49164632910446,-0.999403040499985,100,100,NA
"12","ivachtin","11201705","HA1E","trt_cp","down",-0.377287940049178,2.71120068372739e-05,0.00129036197925327,-1.40875380167289,0,100,100,"CASP3"
"13","bicalutamide","2375","HA1E","trt_cp","down",-0.37004129777923,2.74166361275803e-05,0.00129036197925327,-1.3816955955563,-0.030258151214349,100,100,"AR; CYP46A1; KLK3"
"14","KB-R7943","4534086","HA1E","trt_cp","down",-0.368380371285145,2.75036730676679e-05,0.00129036197925327,-1.37549386932955,0,100,100,"SLC8A1; TRPC3; TRPC5; TRPC6"
"15","ML-9","108047","HA1E","trt_cp","down",-0.368090686304698,2.75036730676679e-05,0.00129036197925327,-1.37441221583848,0,100,100,"MLCK; PKA; PKC; TRPC6"
"16","BRD-K49814456","1737777","HA1E","trt_cp","down",-0.367732911678581,2.75036730676679e-05,0.00129036197925327,-1.373076322715,-0.0152892309774838,100,100,NA
"17","AM-251","2125","HA1E","trt_cp","down",-0.36578887520796,2.75907100077554e-05,0.00129036197925327,-1.36581749337574,0,100,100,"CNR1; GPR18; GPR55"
"18","tetrahydrozoline","5419","HA1E","trt_cp","down",-0.364378225816701,2.77212654178868e-05,0.00129036197925327,-1.36055027573686,-0.0149007076888084,100,100,NA
"19","NSC-23766","409805","HA1E","trt_cp","down",-0.362500170100596,2.77647838879305e-05,0.00129036197925327,-1.35353781165049,0,100,100,NA
"20","ICI-204448","3683","HA1E","trt_cp","down",-0.360476626710836,2.78953392980619e-05,0.00129036197925327,-1.34598211177097,-0.0269196422354193,100,100,"OPRK1"
"21","carteolol","2583","HA1E","trt_cp","down",-0.359849643644144,2.78953392980619e-05,0.00129036197925327,-1.34364102241976,0,100,100,"ADRB1; ADRB2"
"22","aminoglutethimide","2145","HA1E","trt_cp","down",-0.358836664043817,2.79388577681057e-05,0.00129036197925327,-1.3398586622871,-0.921957924463421,100,100,"CYP11A1; CYP19A1; NR3C1"
"23","UCL-2077","24868317","HA1E","trt_cp","down",-0.358126975903018,2.79823762381494e-05,0.00129036197925327,-1.33720876081868,-0.0250712320262977,100,100,NA
"24","phenoxybenzamine","5284441","HA1E","trt_cp","down",-0.357204709349027,2.80258947081932e-05,0.00129036197925327,-1.33376511373597,0,100,100,"ADRA1A; ADRA1B; ADRA1D; ADRA2B; ADRA2C; ADRB2; CALM1; CALM2; CALM3"
"25","pizotifen","27400","HA1E","trt_cp","down",-0.352380284274529,2.8656912523828e-05,0.00129036197925327,-1.31575121389147,0,100,100,"ADRA1B; ADRA1D; ADRA2B; ADRA2C; HTR1B; HTR1D; HTR2B"
"26","bisacodyl","2391","HA1E","trt_cp","down",-0.351811834091485,2.8656912523828e-05,0.00129036197925327,-1.31362868022045,0.0252125283448824,100,100,NA
"27","ZM-241385","176407","HA1E","trt_cp","down",-0.351777888880566,2.8656912523828e-05,0.00129036197925327,-1.31350193234474,-0.0326558664374233,100,100,"ADORA1; ADORA2A; ADORA2B; ADORA3"
"28","raloxifene","5035","HA1E","trt_cp","down",-0.348401005908595,2.97013558048787e-05,0.00129036197925327,-1.30089300367358,0,100,100,"ACVRL1; AOX1; BGLAP; EBP; ENG; ESR1; ESR2; PTGR1; RAC1; SERPINB9; SHBG; TFF1"
"29","BRD-K78716413","952391","HA1E","trt_cp","down",-0.347069065245647,2.99407073901195e-05,0.00129036197925327,-1.29591967621369,0,100,100,NA
"30","PETCM","224859","HA1E","trt_cp","down",-0.342682746828242,3.13550576665423e-05,0.00129036197925327,-1.27954162091444,0,100,100,"CASP3"
"31","LY-344864","5311097","HA1E","trt_cp","down",-0.340638970779883,3.25082971227024e-05,0.00129036197925327,-1.2719103743988,0,100,100,"HTR1B; HTR1D; HTR1E; HTR1F; HTR2B; HTR7"
"32","calcipotriol","5353464","HA1E","trt_cp","down",-0.340006854505424,3.3356907288556e-05,0.00129036197925327,-1.26955011818539,0,100,100,"BGLAP; GC; VDR"
"33","etilefrine","3306","HA1E","trt_cp","down",-0.339945914137097,3.3356907288556e-05,0.00129036197925327,-1.26932257320862,0,100,100,"ADRA1A; ADRB1"
"34","E-4031","3185","HA1E","trt_cp","down",-0.339552710063264,3.3356907288556e-05,0.00129036197925327,-1.2678543902241,0,100,100,"KCNH1; KCNH2"
"35","ML-3163","23748533","HA1E","trt_cp","down",-0.337727060806468,3.52499607354604e-05,0.00129907553773763,-1.26103760638866,0,100,100,"CYP2D6; CYP3A4; MAPK11; MAPK12; MAPK14"
"36","dihydrexidine","5311070","HA1E","trt_cp","down",-0.33653427492187,3.62291263114454e-05,0.00130583978726964,-1.25658386835163,-0.932691050025966,100,100,"DRD1; DRD3; DRD4"
"37","BRL-37344","9841972","HA1E","trt_cp","down",-0.335971079593572,3.7882828173109e-05,0.00133918711655646,-1.25448095575994,0,100,100,"ADRB1; ADRB2; ADRB3"
"38","BRD-K87964538","665518","HA1E","trt_cp","down",-0.33223336580406,4.37795808640409e-05,0.00140498213560605,-1.2405247224654,0,100,100,NA
"39","ceramide","NotFound","HA1E","trt_cp","down",-0.32675267955237,5.60082709463426e-05,0.00161475288557724,-1.22006041185998,0,100,100,NA
"40","JAS07-010","24747180","HA1E","trt_cp","down",-0.325664749327224,5.94027116097573e-05,0.00168097968887808,-1.21599819391464,0,100,100,NA
"41","MRS-1845","5202074","HA1E","trt_cp","down",-0.325062109273269,6.28841892132596e-05,0.00173567915884958,-1.21374799883303,0,100,100,"ORAI1"
"42","R-96544","10668211","HA1E","trt_cp","down",-0.324825614828726,6.28841892132596e-05,0.00173567915884958,-1.21286495325309,0,100,100,NA
"43","warfarin","54678486","HA1E","trt_cp","down",-0.322855284670166,7.19577902173874e-05,0.00188641882899615,-1.20550794602657,0,100,100,"ARSE; CYP2C8; CYP2C9; CYP4F2; F3; F7; NR1I2; PROS1; RP11-196G11.1; VKORC1; VKORC1L1"
"44","L-693403","4687238","HA1E","trt_cp","down",-0.319900438410531,8.91911043547236e-05,0.00219896265650519,-1.19447485840369,-0.0219054053786121,100,100,"SIGMAR1"
"45","JAS07-003","24747274","HA1E","trt_cp","down",-0.318852732866418,9.60452633866187e-05,0.00231091943675154,-1.19056283522025,-0.0231820204917194,100,100,NA
"46","exemestane","60198","HA1E","trt_cp","down",-0.31824094527324,0.000103269329413886,0.00243127320827077,-1.18827848418164,0,100,100,"CYP19A1"
"47","SR-142948","5311451","HA1E","trt_cp","down",-0.317716180152185,0.000103269329413886,0.00243127320827077,-1.18631906597396,0,100,100,"NTSR1"
"48","RU-28318","3034004","HA1E","trt_cp","down",-0.316525767254491,0.00011184246801251,0.00258542880280831,-1.18187418842243,-0.0186156002211973,100,100,"NR3C2"
"49","moexipril","91270","HA1E","trt_cp","down",-0.316228081782685,0.000121808197652535,0.00275754558193099,-1.1807626619314,-0.940309883169278,100,100,"ACE; ACE2"
"50","BRD-K76211160","1118253","HA1E","trt_cp","down",-0.316139070108141,0.000121808197652535,0.00275754558193099,-1.18043030162619,0,100,100,NA
"51","BRD-K37061750","3538139","HA1E","trt_cp","down",-0.316044391182594,0.000121808197652535,0.00275754558193099,-1.18007678039706,0,100,100,NA
"52","fluperlapine","49381","HA1E","trt_cp","down",-0.315474723561002,0.000131708649587495,0.00292972057136637,-1.17794970093753,-0.0261150402061597,100,100,"HTR6; HTR7"
"53","sulfafurazole","5344","HA1E","trt_cp","down",-0.315407599000406,0.000131708649587495,0.00292972057136637,-1.17769906483209,0,100,100,NA
"54","DR-2313","135522417","HA1E","trt_cp","down",-0.315118260804352,0.000131708649587495,0.00292972057136637,-1.17661870619776,0.0310094422413061,100,100,"PARP1; PARP3"
"55","fipronil","3352","HA1E","trt_cp","down",-0.313918764890503,0.000142914655623768,0.00313199137522455,-1.17213991361164,0,100,100,"GABRB3"
"56","nitrofural","5447130","HA1E","trt_cp","down",-0.313086125122624,0.000155447974996376,0.00334916415327401,-1.16903092359655,0,100,100,NA
"57","DMeOB","6891506","HA1E","trt_cp","down",-0.313067607329606,0.000155447974996376,0.00334916415327401,-1.16896178008958,0,100,100,NA
"58","nadolol","39147","HA1E","trt_cp","down",-0.311551482574859,0.000167807220488809,0.00352778985580225,-1.16330072844881,-1.11386851878436,100,100,"ADRB1; ADRB2; ADRB3"
"59","BML-190","2415","HA1E","trt_cp","down",-0.311305877893481,0.000182864611123956,0.00375501611653822,-1.16238366619509,0,100,100,"CNR2"
"60","TPCA-1","9903786","HA1E","trt_cp","down",-0.309727229789442,0.000200206721436402,0.0040336256424074,-1.15648915889179,0,100,100,"CDC42BPB; EPHB1; IKBKB; MAP3K9; NTRK3; NUAK1; RET; TNK2; TYK2"
"61","BRD-K87657228","44229067","HA1E","trt_cp","down",-0.308004608301278,0.000240221954641656,0.00466792395243634,-1.15005706999444,0,100,100,NA
"62","U-18666A","415541","HA1E","trt_cp","down",-0.307879631787532,0.000240221954641656,0.00466792395243634,-1.14959042073224,0.841391490323732,100,100,NA
"63","BRD-A53107311","3266419","HA1E","trt_cp","down",-0.307514319898907,0.000240221954641656,0.00466792395243634,-1.148226384257,-0.869984299664872,100,100,NA
"64","ZD-7114","121877","HA1E","trt_cp","down",-0.306684509031122,0.000262590448244158,0.00497428138479329,-1.1451279570597,0.0244616697665158,100,100,"ADRB3"
"65","BRD-K25150581","12179987","HA1E","trt_cp","down",-0.306153403222042,0.000288462178685184,0.00535618904390155,-1.14314486338452,0,100,100,NA
"66","U-54494A","122015","HA1E","trt_cp","down",-0.305624064992357,0.000288462178685184,0.00535618904390155,-1.14116836966638,0,100,100,NA
"67","SC-9","124172","HA1E","trt_cp","down",-0.305344461239601,0.000316770943448662,0.00576764083879822,-1.14012435842762,-0.859324451858195,100,100,NA
"68","WAY-161503","3906894","HA1E","trt_cp","down",-0.304587782278133,0.000316770943448662,0.00576764083879822,-1.13729899813788,-0.0181625786239898,100,100,NA
"69","RS-79948","9908992","HA1E","trt_cp","down",-0.303441560590806,0.000381069482938344,0.00668158304384378,-1.13301912595492,0,100,100,NA
"70","ergometrine","3250","HA1E","trt_cp","down",-0.301848935184061,0.000416711109904199,0.00716974008489605,-1.12707242886172,0,100,100,"ADRA1A; HTR1E"
"71","SA-97378","44494796","NKDBA","trt_cp","down",-0.301648898807134,0.000416711109904199,0.00716974008489605,-1.1825856757047,-0.792332402722151,100,100,NA
"72","deltaline","441728","HA1E","trt_cp","down",-0.299824634001204,0.000502137866600136,0.00832476471770413,-1.11951389946184,0,100,100,"CHRNA7"
"73","KN-62","3838","HA1E","trt_cp","down",-0.299193284222533,0.000548572074136847,0.00891133907353586,-1.11715650526373,0,100,100,"AKT1; CAMK2A; CHEK1; LCK; MAPK11; MAPK12; MAPK14; MAPK8; P2RX7; PRKCA; ROCK1; RPS6KB1; SGK1"
"74","WAY-213613","24868316","HA1E","trt_cp","down",-0.29905013834025,0.000548572074136847,0.00891133907353586,-1.11662201347522,0,100,100,"SLC1A2"
"75","SANT-1","6878030","HA1E","trt_cp","down",-0.298210475005341,0.000602317384640913,0.00962786007949837,-1.11348679819369,-0.0282242522938136,100,100,"DHH; IHH; PTCH1; SMO"
"76","PAC-1","135421197","HA1E","trt_cp","down",-0.298094253413301,0.000602317384640913,0.00962786007949837,-1.11305283889565,0.542917566244316,100,100,"CASP3"
"77","quercetagetin","386331","HA1E","trt_cp","down",-0.297605434047892,0.000602317384640913,0.00962786007949837,-1.11122763838895,-1.04247631502913,100,100,"MAPK8; PIM1"
"78","dihydrodeoxygedunin","6708636","HA1E","trt_cp","down",-0.296656445995731,0.000660088153624029,0.0103744908303508,-1.10768421602021,-0.0171714557680059,100,100,"NTRK2"
"79","pifithrin-mu","327653","HA1E","trt_cp","down",-0.29597760070116,0.000722254288081566,0.0111457078788034,-1.10514947852145,0,100,100,"HSPA1A; TP53"
"80","BRD-K28112517","976135","HA1E","trt_cp","down",-0.295152711907652,0.000789512083534225,0.0119745271653132,-1.10206942983593,0,100,100,NA
"81","tamoxifen","2733526","HA1E","trt_cp","down",-0.295129819288335,0.000789512083534225,0.0119745271653132,-1.10198395118403,0,100,100,"ABCB1; ABCG2; AR; BGLAP; CCND1; CTSD; CYP2C9; CYP3A5; EBP; EBPL; ERBB2; ESR1; ESR2; ESRRG; FMO1; FMO2; FMO3; FMO4; FMO5; GPER1; IGFBP5; KCNH2; NCOR1; NCOR2; NR1I2; ODC1; PRKCA; PRKCB; PRKCE; PRKCG; PRKCI; PRKCZ; SHBG; TGFA; UGT1A4"
"82","PD-98059","4713","HA1E","trt_cp","down",-0.295116852401802,0.000789512083534225,0.0119745271653132,-1.10193553418268,0,100,100,"AKT1; CHEK1; GSK3B; LCK; MAP2K1; MAP2K2; MAPK11; MAPK12; MAPK14; MAPK3; MAPK8; PRKCA; RAF1; ROCK1; RPS6KB1; SGK1"
"83","catechin","73160","HA1E","trt_cp","down",-0.295081593405144,0.000789512083534225,0.0119745271653132,-1.10180388076811,0,100,100,"BACE1; CA1; CA12; CA14; CA4; CA6; CA9; FASN; SCN5A"
"84","SA-1459020","54657758","NKDBA","trt_cp","down",-0.295000854727254,0.000789512083534225,0.0119745271653132,-1.15652265431988,-0.693535872957754,100,100,NA
"85","canrenoic-acid","656615","HA1E","trt_cp","down",-0.293738240270094,0.000864711999769874,0.0128938042379703,-1.09678794032818,-0.0264062205598999,100,100,NA
"86","RS-67506","133076","HA1E","trt_cp","down",-0.293007276451128,0.000944242003774879,0.0138328293036271,-1.09405859769741,-0.0295582219823012,100,100,"HTR4"
"87","BRD-K98297262","NotFound","HA1E","trt_cp","down",-0.292258816110497,0.00103167061009283,0.0148392659021678,-1.09126392488033,0,100,100,NA
"88","mepacrine","237","HA1E","trt_cp","down",-0.291287650615028,0.00112815105817989,0.0159720610073059,-1.08763769425229,0,100,100,"AKT1; MTOR; NFKB1; PLA2G1B; PLA2G2A; PLA2G2D; PLA2G4A; PLA2G6; PLCL1; TP53"
"89","auraptene","1550607","HA1E","trt_cp","down",-0.291078234913908,0.00112815105817989,0.0159720610073059,-1.08685575787488,-0.0271948351695568,100,100,"MAOB"
"90","SA-101686","44502203","NKDBA","trt_cp","down",-0.290794379147061,0.00112815105817989,0.0159720610073059,-1.14003156886918,-0.763821151142348,100,100,NA
"91","isonicotinohydroxamic-acid","72967","HA1E","trt_cp","down",-0.290159032291124,0.00122939677873674,0.0171206540495835,-1.08342355119161,0,100,100,NA
"92","purvalanol-b","448991","HA1E","trt_cp","down",-0.289764377721251,0.00122939677873674,0.0171206540495835,-1.08194995220622,-0.736456465540411,100,100,"CDK2; CDK4; CDK5; MAPK3; SRPK2"
"93","PKCbeta-inhibitor","6419755","HA1E","trt_cp","down",-0.2893024526201,0.0013420878569151,0.0183836034433354,-1.08022517207609,0,100,100,"PRKCB"
"94","MR-16728","378811","HA1E","trt_cp","down",-0.288388788273989,0.00146546271948921,0.0197382194422175,-1.07681364474005,0,100,100,NA
"95","diloxanide","11367","HA1E","trt_cp","down",-0.287163370302543,0.00159862923782317,0.0212086042879335,-1.07223806189558,0,100,100,NA
"96","berbamine","275182","HA1E","trt_cp","down",-0.286714075653846,0.00159862923782317,0.0212086042879335,-1.07056044255705,0,100,100,"CALM1"
"97","SA-1472514","54654640","NKDBA","trt_cp","down",-0.286344186420687,0.00174604805509647,0.0228152926983263,-1.12258501364174,-0.752131959139964,100,100,NA
"98","CITCO","9600409","HA1E","trt_cp","down",-0.28631077434902,0.00174604805509647,0.0228152926983263,-1.06905455756555,0,100,100,"NR1I3"
"99","ICI-118551","5484725","HA1E","trt_cp","down",-0.286265877562518,0.00174604805509647,0.0228152926983263,-1.06888691764931,0,100,100,NA
"100","SC-560","4306515","HA1E","trt_cp","down",-0.285883866897525,0.00174604805509647,0.0228152926983263,-1.06746052968547,0,100,100,NA
"101","melperone","15387","HA1E","trt_cp","down",-0.285837165888604,0.00174604805509647,0.0228152926983263,-1.06728615299097,0,100,100,NA
"102","evoxine","673465","HA1E","trt_cp","down",-0.285738132657849,0.00174604805509647,0.0228152926983263,-1.06691637324053,0,100,100,NA
"103","leucodin","167683","HA1E","trt_cp","down",-0.285491162266904,0.00190314973195451,0.0245195259550607,-1.06599421156979,-1.06781641852331,100,100,NA
"104","lawsone","10125107","HA1E","trt_cp","down",-0.284262549402202,0.00207102223014839,0.0261687923037391,-1.06140669932726,0,100,100,NA
"105","CHEMBL-374350","2858523","HA1E","trt_cp","down",-0.284155371459631,0.00207102223014839,0.0261687923037391,-1.06100650807272,0,100,100,NA
"106","PD-169316","4712","HA1E","trt_cp","down",-0.283841157607175,0.00207102223014839,0.0261687923037391,-1.05983326633293,-0.0105983326633293,100,100,"ALOX5"
"107","SA-1458163","54658692","NKDBA","trt_cp","down",-0.282770359300403,0.00225214610247059,0.0279502096368184,-1.10857416600859,-0.742744691225757,100,100,NA
"108","azaperone","15443","HA1E","trt_cp","down",-0.282750958500425,0.00225214610247059,0.0279502096368184,-1.05576257662041,0,100,100,"DRD3"
"109","dilazep","3074","HA1E","trt_cp","down",-0.282489099019,0.00244839264313301,0.0297903977516073,-1.05478482063936,-0.636906206062718,100,100,"CACNA1C; SLC29A1"
"110","etifenin","170344","HA1E","trt_cp","down",-0.28216095014635,0.00244839264313301,0.0297903977516073,-1.05355954698816,-0.0261253593324124,100,100,NA
"111","atorvastatin","2250","HA1E","trt_cp","down",-0.281895682641214,0.00244839264313301,0.0297903977516073,-1.05256906580216,-0.692075418454309,100,100,"AHR; APOA1; APOB; APOE; CCL2; CD40LG; CETP; CRP; CYP3A5; DPP4; FASLG; HMGCR; IL6; LDLR; LPL; MTTP; PON1; RHOA; SERPINE1; SLCO1B1; VCAM1"
"112","metergoline","28693","HA1E","trt_cp","down",-0.281848192093672,0.00244839264313301,0.0297903977516073,-1.05239174105283,0,100,100,"HTR1B; HTR1D; HTR1E; HTR1F; HTR2B; HTR5A; HTR6; HTR7; SCN2A"
"113","BRD-K12707296","2321431","HA1E","trt_cp","down",-0.281544066869256,0.00244839264313301,0.0297903977516073,-1.05125616919749,-0.0169818009512882,100,100,NA
"114","clomipramine","2801","HA1E","trt_cp","down",-0.281414950775777,0.00266420073608011,0.0319843283770369,-1.0507740631765,0,100,100,"HTR2B; SLC6A2; SLC6A3; SLC6A4"
"115","rathyronine","861","HA1E","trt_cp","down",-0.281207512155886,0.00266420073608011,0.0319843283770369,-1.04999950901411,-0.0104999950901411,100,100,NA
"116","PIT","124334","HA1E","trt_cp","down",-0.280259258004205,0.00289317316621545,0.0342676974295353,-1.04645882695319,0,100,100,"P2RY1"
"117","naftifine","47641","HA1E","trt_cp","down",-0.279845963574022,0.00289317316621545,0.0342676974295353,-1.0449156286743,0,100,100,"SQLE"
"118","BRD-K63181962","44142057","HA1E","trt_cp","down",-0.279494471849823,0.00313813863409187,0.0366124140818294,-1.04360319525101,0,100,100,NA
"119","ZD-2079","158794","HA1E","trt_cp","down",-0.278699083933931,0.00313813863409187,0.0366124140818294,-1.04063329976437,-0.0233609374416933,100,100,"ADRB3"
"120","BRD-A98200599","570188","HA1E","trt_cp","down",-0.278440749280601,0.00340555963251089,0.0391656402581758,-1.03966870512364,-0.0191722947230206,100,100,NA
"121","alfadolone-acetate","24733","HA1E","trt_cp","down",-0.278236101213702,0.00340555963251089,0.0391656402581758,-1.03890457059496,-0.0282461611825336,100,100,NA
"122","chlortetracycline","73707519","HA1E","trt_cp","down",-0.277801946385799,0.00340555963251089,0.0391656402581758,-1.03728348176756,-1.01743321477564,100,100,NA
"123","SA-440772","44495084","NKDBA","trt_cp","down",-0.277613807339278,0.00340555963251089,0.0391656402581758,-1.08835839691622,-0.420963995350414,100,100,NA
"124","BRD-A55554369","4870494","HA1E","trt_cp","down",-0.277594622130448,0.00340555963251089,0.0391656402581758,-1.03650935463043,-0.0199841379621858,100,100,NA
"125","coumaric-acid","NotFound","HA1E","trt_cp","down",-0.277532989651828,0.00340555963251089,0.0391656402581758,-1.03627922538604,0,100,100,NA
"126","BRD-K37372998","24747160","HA1E","trt_cp","down",-0.276783957120544,0.00369260746091965,0.0416435505457727,-1.03348241606877,-0.0206696483213754,100,100,NA
"127","piperine","638024","HA1E","trt_cp","down",-0.27668304128871,0.00369260746091965,0.0416435505457727,-1.03310560688232,0,100,100,"MAOA; MAOB; NR1I2; TRPV1"
"128","indirubin","10177","HA1E","trt_cp","down",-0.276637874942728,0.00369260746091965,0.0416435505457727,-1.03293696045911,0,100,100,"AHR; CCNE1; CDK1; CDK2; CDK4; CDK5; CDK5R1; CDK9; CYP1A1; GSK3A; GSK3B; LCK; LRRK1; LRRK2"
"129","N20C","6603827","HA1E","trt_cp","down",-0.27525657156561,0.00432997897318083,0.0473106309299806,-1.02777931777505,-0.807068329321537,100,100,NA
"130","butein","5281222","HA1E","trt_cp","down",-0.275234513212676,0.00432997897318083,0.0473106309299806,-1.02769695418678,-0.0308309086256032,100,100,"ACE; CXCL8; IL6; SIRT1; SRD5A1; SRD5A2; TNF"
"131","BRD-K44878494","24747232","HA1E","trt_cp","down",-0.274488183435573,0.00468130358184425,0.0503708703833375,-1.02491023667161,-0.0204982047334323,100,100,NA
"132","BRD-K76293260","6433346","HA1E","trt_cp","down",-0.2739519627259,0.00468130358184425,0.0503708703833375,-1.02290804449132,-0.89358325105942,100,100,NA
"133","UNC-0321","46901937","HA1E","trt_cp","down",-0.273802441354689,0.00468130358184425,0.0503708703833375,-1.02234974729237,0,100,100,"EHMT2"
"134","fusaric-acid","3442","HA1E","trt_cp","down",-0.273118435988757,0.00506602861626627,0.0537801827417724,-1.01979574262555,0.0273261647471701,100,100,"DBH"
"135","IAA-94","656717","HA1E","trt_cp","down",-0.27275566990541,0.00506602861626627,0.0537801827417724,-1.01844121192158,-0.0305532363576473,100,100,NA
"136","PK-11195","1345","HA1E","trt_cp","down",-0.272340270183243,0.00547216473794983,0.0569859058910543,-1.01689015270209,-0.0213913714027547,100,100,"NR1I2; NR1I3; TSPO"
"137","L-690488","5132514","HA1E","trt_cp","down",-0.272228452499368,0.00547216473794983,0.0569859058910543,-1.01647263713763,0,100,100,"IMPA1"
"138","tyrphostin-AG-835","5328769","HA1E","trt_cp","down",-0.271818984149968,0.00547216473794983,0.0569859058910543,-1.01494372504517,-0.0274800233752801,100,100,"EGFR"
"139","BRD-K73143528","2013455","HA1E","trt_cp","down",-0.271612455386386,0.00547216473794983,0.0569859058910543,-1.0141725681913,-0.0185222871073393,100,100,NA
"140","prothionamide","666418","HA1E","trt_cp","down",-0.271501467944486,0.00547216473794983,0.0569859058910543,-1.01375815266375,0,100,100,NA
"141","ivermectin","45114068","HA1E","trt_cp","down",-0.27135559637386,0.00591107026757636,0.0607444421325445,-1.01321348343937,0.316787592604611,100,100,"CHRNA7; GABRB3; GLRA3; P2RX7"
"142","BRD-K24632213","814607","HA1E","trt_cp","down",-0.270598503064195,0.00591107026757636,0.0607444421325445,-1.01038657601669,0,100,100,NA
"143","progesterone","5994","HA1E","trt_cp","down",-0.270587772955976,0.00591107026757636,0.0607444421325445,-1.01034651091219,0,100,100,"AKR1C1; AKR1C2; AKR1D1; APOD; AR; CATSPER1; CATSPER2; CATSPER3; CATSPER4; CATSPERB; CATSPERD; CATSPERG; CGA; CYP11B1; CYP17A1; CYP21A2; ESR1; GNAI1; GNAS; GNGT1; HRAS; HSD3B1; HSD3B2; HVCN1; KCNU1; LHB; NR1I2; NR3C1; NR3C2; OPRK1; ORM1; PAQR5; PGR; SERPINA6; SHBG; SRD5A1; SRD5A3; TRPC5"
"144","cilastatin","6435415","HA1E","trt_cp","down",-0.270272230856459,0.00637667437857474,0.0646188418394225,-1.00916830963646,0,100,100,"DPEP1"
"145","barasertib-HQPA","16007391","HA1E","trt_cp","down",-0.269973384029215,0.00637667437857474,0.0646188418394225,-1.0080524467654,0,100,100,NA
"146","L-168049","5311276","HA1E","trt_cp","down",-0.26971766905004,0.00637667437857474,0.0646188418394225,-1.00709763371463,-0.699939260496787,100,100,"GCGR"
"147","rhodomyrtoxin-b","3270699","HA1E","trt_cp","down",-0.269411449976439,0.0068820108527231,0.0687244004232383,-1.0059542436449,0,100,100,NA
"148","ramipril","5362129","HA1E","trt_cp","down",-0.269034572044443,0.0068820108527231,0.0687244004232383,-1.00454702077052,-0.0176175483860283,100,100,"ACE; BDKRB1"
"149","JTE-013","10223146","HA1E","trt_cp","down",-0.268845896995138,0.0068820108527231,0.0687244004232383,-1.00384252782289,-0.0232525449075284,100,100,"P2RY10; S1PR2"
"150","kynuramine","4990100","HA1E","trt_cp","down",-0.268263424460888,0.007416722294151,0.0730325454788951,-1.00166763615557,0,100,100,NA
"151","meclizine","92303","HA1E","trt_cp","down",-0.268177797103422,0.007416722294151,0.0730325454788951,-1.00134791253721,0,100,100,"NR1I3"
"152","diprotin-a","94701","HA1E","trt_cp","down",-0.267564008140846,0.007416722294151,0.0730325454788951,-0.999056088594091,-0.00999056088594092,100,100,"DPP4"
"153","phenylalanyltyrosine","515709","HA1E","trt_cp","down",-0.267109238549847,0.00798516054986283,0.0775826719301261,-0.997358026392255,-0.901637020856116,100,100,NA
"154","AMN-082","1894361","HA1E","trt_cp","down",-0.266439527194027,0.0085973783864387,0.0821416052239454,-0.994857394067745,0,100,100,"GRM7"
"155","SA-1460110","54657753","NKDBA","trt_cp","down",-0.26547718801439,0.00925109108420132,0.0872446422872062,-1.04077794088986,-0.697321220396204,100,100,NA
"156","atovaquone","44483269","HA1E","trt_cp","down",-0.265256773508241,0.00925109108420132,0.0872446422872062,-0.990441115214315,-0.0198088223042863,100,100,"DHODH"
"157","nafadotride","3408722","HA1E","trt_cp","down",-0.265074757614822,0.00925109108420132,0.0872446422872062,-0.989761486859946,-0.807332495260669,100,100,"DRD3"
"158","oxfendazole","40854","HA1E","trt_cp","down",-0.265072456706949,0.00925109108420132,0.0872446422872062,-0.989752895510027,-0.0296925868653006,100,100,NA
"159","diphenidol","3055","HA1E","trt_cp","down",-0.263210170301995,0.0106730570928818,0.0977268403587318,-0.982799312386112,0,100,100,"CHRM1; CHRM4"
"160","prunetin","5281804","HA1E","trt_cp","down",-0.263154744405943,0.0106730570928818,0.0977268403587318,-0.982592357873428,-0.00982592357873429,100,100,"ABCG2; ALDH2"
"161","luzindole","122162","HA1E","trt_cp","down",-0.263010990861265,0.0106730570928818,0.0977268403587318,-0.982055597136937,0,100,100,"MTNR1A; MTNR1B"
"162","tyrphostin-AG-18","NotFound","HA1E","trt_cp","down",-0.26293336901683,0.0106730570928818,0.0977268403587318,-0.981765765268934,0,100,100,"EGFR"
"163","L-745870","5311200","HA1E","trt_cp","down",-0.261912769267327,0.0114617205662501,0.103524927347208,-0.977954952294334,0,100,100,"DRD1; DRD3; DRD4; HTR6; HTR7"
"164","BRD-A24054354","3516032","HA1E","trt_cp","down",-0.261458561755858,0.0122900293658284,0.109776596605638,-0.976258988838817,0,100,100,NA
"165","BRD-K21640605","665093","HA1E","trt_cp","down",-0.260065259065802,0.0131762177305649,0.116001199621808,-0.971056541972265,-0.808991103363982,100,100,NA
"166","BAPTA-AM","2293","HA1E","trt_cp","down",-0.258720674463692,0.0141064467869857,0.122826045574595,-0.966036003362822,0,100,100,"KCNA3; KCNA5; KCNH2"
"167","tyrphostin-AG-82","NotFound","HA1E","trt_cp","down",-0.258091373712885,0.0150961655919563,0.129868847986511,-0.963686260020962,0,100,100,"EGFR; LCK"
"168","propoxycaine","6843","HA1E","trt_cp","down",-0.258067879695235,0.0150961655919563,0.129868847986511,-0.963598535810441,0,100,100,NA
"169","BMS-641988","24768935","HA1E","trt_cp","down",-0.257855188258458,0.0150961655919563,0.129868847986511,-0.962804368177876,-0.946052238058098,100,100,"AR"
"170","SA-97259","44500706","NKDBA","trt_cp","down",-0.257471583505296,0.0161436769251451,0.137084038575751,-1.00939273360003,0.552998266604651,100,100,NA
"171","betamethasone-acetate","443967","HA1E","trt_cp","down",-0.256715846901202,0.0161436769251451,0.137084038575751,-0.958550186429508,0,100,100,NA
"172","BRD-K18595892","3240581","HA1E","trt_cp","down",-0.256507096465118,0.0161436769251451,0.137084038575751,-0.957770734082328,-0.0183632277491574,100,100,NA
"173","mitotane","4211","HA1E","trt_cp","down",-0.256468175263899,0.0172592511454823,0.144764764672711,-0.957625406378039,0,100,100,"AR; CYP11A1; CYP11B1; CYP3A4; ESR1; FDX1; PGR"
"174","BRD-K10355322","5823053","HA1E","trt_cp","down",-0.256413358007907,0.0172592511454823,0.144764764672711,-0.957420724463834,-0.0191484144892767,100,100,NA
"175","MRS-1754","6603931","HA1E","trt_cp","down",-0.255889587672717,0.0172592511454823,0.144764764672711,-0.955465020682774,0,100,100,"ADORA1; ADORA2A; ADORA2B; ADORA3"
"176","6-benzylaminopurine","62389","HA1E","trt_cp","down",-0.255720178380688,0.0172592511454823,0.144764764672711,-0.954832464062612,-0.958144076737088,100,100,NA
"177","halcinonide","73707616","HA1E","trt_cp","down",-0.255717234215298,0.0172592511454823,0.144764764672711,-0.954821470856244,-0.025424156581228,100,100,"NR3C1; SMO"
"178","CO-102862","10221150","HA1E","trt_cp","down",-0.25538581322981,0.0184415609396317,0.15300602537312,-0.953583979477113,0,100,100,"SCN2A; SCN4A; SCN9A"
"179","carbacyclin","5311242","HA1E","trt_cp","down",-0.255139406327455,0.0184415609396317,0.15300602537312,-0.952663921813977,0,100,100,"PPARD; PTGDR; PTGER1; PTGER2; PTGER3; PTGER4; PTGFR; PTGIR; TBXA2R"
"180","GBR-12935","3456","HA1E","trt_cp","down",-0.254968099445511,0.0184415609396317,0.15300602537312,-0.952024279791073,0.728379634160973,100,100,"AGTR1; SLC6A3"
"181","BRD-K53011428","1257201","HA1E","trt_cp","down",-0.254704517828002,0.0184415609396317,0.15300602537312,-0.951040093533571,-0.0190208018706714,100,100,NA
"182","BRD-K71746704","10402601","HA1E","trt_cp","down",-0.254179558962127,0.019688430384091,0.161111379403719,-0.949079951902945,0,100,100,NA
"183","GR-135531","4284525","HA1E","trt_cp","down",-0.254102383960135,0.019688430384091,0.161111379403719,-0.948791788497999,-0.01897583576996,100,100,NA
"184","nalbuphine","23581814","HA1E","trt_cp","down",-0.254003413289336,0.019688430384091,0.161111379403719,-0.948422242339899,0,100,100,"OPRD1; OPRK1; OPRM1"
"185","flavokavain-b","5356121","HA1E","trt_cp","down",-0.253479770916139,0.0210093900237998,0.169834217754397,-0.946467016355569,0.0315782998989581,100,100,"HIF1A"
"186","BMS-191011","10474339","HA1E","trt_cp","down",-0.253044002118543,0.0210093900237998,0.169834217754397,-0.944839901133748,-0.349590763419486,100,100,"KCNMA1"
"187","indirubin-3-monoxime","3707","HA1E","trt_cp","down",-0.252572891102831,0.0210093900237998,0.169834217754397,-0.943080821757111,0,100,100,NA
"188","emodic-acid","361510","HA1E","trt_cp","down",-0.252193217692538,0.0223870759892107,0.178645678791486,-0.94166316085845,-0.714393781421464,100,100,NA
"189","fluocinolone-acetonide","6215","HA1E","trt_cp","down",-0.251920136563375,0.0223870759892107,0.178645678791486,-0.94064350441562,-0.722349561245634,100,100,NA
"190","dicyclohexylurea","4277","HA1E","trt_cp","down",-0.251020407787267,0.0238390479829864,0.187979974108806,-0.937284011043921,-0.0281185203313174,100,100,"EPHX2"
"191","SA-419083","44505047","NKDBA","trt_cp","down",-0.250028224697672,0.0253670249846935,0.197554143398843,-0.980211756842491,0,100,100,NA
"192","DAPT-GSI-IX","NotFound","HA1E","trt_cp","down",-0.249883044701089,0.0253670249846935,0.197554143398843,-0.933037215953343,0,100,100,NA
"193","SKI-II","753704","HA1E","trt_cp","down",-0.249728521191627,0.0253670249846935,0.197554143398843,-0.932460241292093,0,100,100,"SPHK1"
"194","FR-122047","196841","HA1E","trt_cp","down",-0.24868470178469,0.0269838449429949,0.207612519370547,-0.928562728539394,-0.0278568818561816,100,100,NA
"195","lasalocid","5360807","HA1E","trt_cp","down",-0.248489983654539,0.0286771268531633,0.218663687019076,-0.927835671358427,0,100,100,NA
"196","BRD-K19826688","NotFound","HA1E","trt_cp","down",-0.248174918495792,0.0286771268531633,0.218663687019076,-0.92665925092977,0,100,100,NA
"197","fraxetin","5273569","HA1E","trt_cp","down",-0.247590603535962,0.0286771268531633,0.218663687019076,-0.924477479837568,0,100,100,NA
"198","BRD-A25829966","44537690","HA1E","trt_cp","down",-0.247261340378036,0.0304563795009032,0.22930101185182,-0.923248045561408,-0.0137917922147734,100,100,NA
"199","nitrarine","398797","HA1E","trt_cp","down",-0.246951750770431,0.0304563795009032,0.22930101185182,-0.922092070269392,-0.65327319147602,100,100,NA
"200","flavoxate","3354","HA1E","trt_cp","down",-0.246187066324165,0.0323253672338734,0.241394958823511,-0.91923681833471,0,100,100,"CHRM1"
"201","PP-3","4879","HA1E","trt_cp","down",-0.245394911618352,0.0342699465493095,0.25320091054985,-0.916278995317145,0,100,100,NA
"202","phensuximide","6839","HA1E","trt_cp","down",-0.244669159528905,0.0342699465493095,0.25320091054985,-0.9135691127406,0.0205138102932034,100,100,NA
"203","SA-96816","44494782","NKDBA","trt_cp","down",-0.244256863837215,0.0363066327065934,0.265559066156964,-0.957585688224673,-0.641582411110531,100,100,NA
"204","tebuthiuron","5383","HA1E","trt_cp","down",-0.243050188167917,0.0384308997848403,0.278086983232896,-0.907524042603201,0,100,100,NA
"205","hispidin","5353671","HA1E","trt_cp","down",-0.242973619355573,0.0384308997848403,0.278086983232896,-0.907238142647149,0,100,100,"PREP; PRKCB"
"206","BRD-A81936046","73707403","HA1E","trt_cp","down",-0.242735914436771,0.0384308997848403,0.278086983232896,-0.906350577282629,0,100,100,NA
"207","bezafibrate","39042","HA1E","trt_cp","down",-0.241380383128109,0.0429869136914285,0.304674060086874,-0.901289164813109,-0.312362437943365,100,100,"APOA1; APOA2; APOB; APOE; CETP; CRAT; HBE1; HBG1; HBG2; HSD11B1; LPL; NR1I2; PPARA; PPARD; PPARG; RXRA; RXRB; RXRG; SERPINE1; UCP3"
"208","CNQX","3721046","HA1E","trt_cp","down",-0.240822669623699,0.0429869136914285,0.304674060086874,-0.899206720779837,-0.0157215561480827,100,100,"GRIA1; GRIA3; GRIA4"
"209","fulvestrant","73707501","HA1E","trt_cp","down",-0.239862889291211,0.0454072586806183,0.314451408995329,-0.895623001162433,0,100,100,"CCND1; EPHX2; ESR1; ESR2; ESRRA; GPER1; RB1"
"210","mephenytoin","4060","HA1E","trt_cp","down",-0.238911885997747,0.0479388803977101,0.314451408995329,-0.892072054092945,0,100,100,"NR1I2; SCN5A"
"211","probucol","4912","HA1E","trt_cp","down",-0.238826744406591,0.0479388803977101,0.314451408995329,-0.891754144275298,0,100,100,"ABCA1; ABCB11; APOA1; APOA2; APOB; APOE; CES1; CETP; SCARB1; SELE; VCAM1"
"212","gelsemine","5390854","HA1E","trt_cp","down",-0.237464834268721,0.0532625383566355,0.314451408995329,-0.886668913923089,0,100,100,"GLRA3"
"213","imiquimod","57469","HA1E","trt_cp","down",-0.237263421866093,0.0532625383566355,0.314451408995329,-0.885916861027176,-0.535158755560384,100,100,"IFNA5; IFNA6; IFNA8; IL6; IL8; MX1; TLR7; TLR8; TNF"
"214","PP-30","73707372","HA1E","trt_cp","down",-0.236651642697197,0.0532625383566355,0.314451408995329,-0.88363254144396,0,100,100,"RAF1"
"215","ABT-737","11228183","HA1E","trt_cp","down",-0.236324005294716,0.0560728741151226,0.314451408995329,-0.882409177568995,0,100,100,"BAD; BCL2; BCL2L1; BCL2L2"
"216","naringin","442428","HA1E","trt_cp","down",-0.236175377758401,0.0560728741151226,0.314451408995329,-0.881854217856289,0,100,100,"SLCO1A2"
"217","naproxen","1302","HA1E","trt_cp","down",-0.236094108903947,0.0560728741151226,0.314451408995329,-0.881550768433405,-0.883777459135322,100,100,"AKR1C2; AKR1C3; CYP2C9; LTF; PNLIP; TF"
"218","BRD-K22006123","24747212","HA1E","trt_cp","down",-0.235257657677698,0.0589969453950692,0.314451408995329,-0.878427546830457,-0.0164994730954535,100,100,NA
"219","BRD-K45355657","23648024","HA1E","trt_cp","down",-0.234818108233451,0.0589969453950692,0.314451408995329,-0.876786315068518,-0.0175357263013704,100,100,NA
"220","RS-102895","10000456","HA1E","trt_cp","down",-0.234564281646403,0.0589969453950692,0.314451408995329,-0.875838553076913,0,100,100,"CCR2"
"221","BRD-K32862555","1580719","HA1E","trt_cp","down",-0.234537590389653,0.0589969453950692,0.314451408995329,-0.875738890709192,0,100,100,NA
"222","BRD-K89097220","7122097","HA1E","trt_cp","down",-0.234379695929832,0.0620255045215908,0.314451408995329,-0.875149329271032,0,100,100,NA
"223","Ro-10-5824","16759175","HA1E","trt_cp","down",-0.234076835452157,0.0620255045215908,0.314451408995329,-0.874018479848055,0,100,100,"DRD4"
"224","desipramine","2995","HA1E","trt_cp","down",-0.233393668377865,0.0651635561187426,0.314451408995329,-0.871467605274748,0,100,100,"ADRA1A; ADRA1B; ADRA1D; ADRA2B; ADRA2C; ADRB1; ADRB2; CHRM1; CHRM4; CHRM5; HRH1; SLC22A3; SLC6A2; SLC6A4; SMPD1; TH"
"225","tyrphostin-AG-538","5328760","HA1E","trt_cp","down",-0.230114905141756,0.0751865778245804,0.314451408995329,-0.859225045459418,0,100,100,"EGFR"
"226","SR-57227A","131746","HA1E","trt_cp","down",-0.22890121977755,0.0787549835719951,0.314451408995329,-0.854693270946199,-0.021246295162354,100,100,"HTR3A"
"227","GW-6471","44634742","HA1E","trt_cp","down",-0.228518052237079,0.0787549835719951,0.314451408995329,-0.853262563330033,0,100,100,"PPARA"
"228","diclofenamide","3038","HA1E","trt_cp","down",-0.228496386181,0.0823824874017293,0.314451408995329,-0.853181664537285,0,100,100,"CA1; CA12; CA3; CA4; CA7"
"229","SA-1938757","60186845","NKDBA","trt_cp","down",-0.226715796125874,0.0861386100696779,0.314451408995329,-0.888817608864763,-0.595507797939391,100,100,NA
"230","IRL-2500","4574540","HA1E","trt_cp","down",-0.226636840880088,0.0861386100696779,0.314451408995329,-0.846238316409853,-0.853047970339379,100,100,"EDNRB; HBA2; HBB"
"231","SA-1462246","54655268","NKDBA","trt_cp","down",-0.226474818166423,0.0899925622582848,0.314451408995329,-0.887872877807785,-1.09295932917443,100,100,NA
"232","Ro-04-6790","5312145","HA1E","trt_cp","down",-0.226187527873746,0.0899925622582848,0.314451408995329,-0.844560628525786,0,100,100,"HTR6"
"233","ecopipam","107930","HA1E","trt_cp","down",-0.226074346713174,0.0899925622582848,0.314451408995329,-0.844138021881607,0,100,100,"DRD1"
"234","BRD-K59761766","2819767","HA1E","trt_cp","down",-0.224973203458892,0.0939448009114856,0.314451408995329,-0.840026467864126,0,100,100,NA
"235","BRD-K39187410","11957531","HA1E","trt_cp","down",-0.224380907969073,0.0979692802249592,0.314451408995329,-0.837814898305641,-0.0183530733427273,100,100,NA
"236","methoxsalen","4114","HA1E","trt_cp","down",-0.223580995964615,0.0979692802249592,0.314451408995329,-0.834828110344337,-0.0166965622068868,100,100,"ACHE; CYP1A2"
"237","SB-216763","176158","HA1E","trt_cp","down",-0.223233101315118,0.102095114055165,0.314451408995329,-0.833529108022671,0,100,100,"CDK2; GSK3A; GSK3B"
"238","GW-311616","44483335","HA1E","trt_cp","down",-0.223054332544291,0.102095114055165,0.314451408995329,-0.832861604085253,-0.0249858481225574,100,100,"ELANE"
"239","alfaxalone","7092517","HA1E","trt_cp","down",-0.220050825325099,0.115029325573816,0.314451408995329,-0.8216468215167,1.00740306831507,100,100,"HSD11B1"
"240","BRD-K61894884","NotFound","HA1E","trt_cp","down",-0.219597736055956,0.115029325573816,0.314451408995329,-0.819955033461352,0.537107782374519,100,100,NA
"241","m-3M3FBS","761523","HA1E","trt_cp","down",-0.218218463391974,0.124057253943633,0.314451408995329,-0.814804973248256,0,100,100,"PLCB2; PLCB3; PLCD1; PLCG1; PLCG2"
"242","BRD-K73610817","3426979","HA1E","trt_cp","down",-0.217271702930892,0.128673606208937,0.314451408995329,-0.811269868472183,0,100,100,NA
"243","BMY-7378","2419","HA1E","trt_cp","down",-0.216732111542975,0.128673606208937,0.314451408995329,-0.809255090531019,0,100,100,"ADRA1A; ADRA1B; ADRA1D"
"244","BRD-K64024097","73055061","HA1E","trt_cp","down",-0.216240516981262,0.133358826453085,0.314451408995329,-0.807419527730883,0,100,100,NA
"245","BRD-A64850503","4302116","HA1E","trt_cp","down",-0.215678827535638,0.133358826453085,0.314451408995329,-0.805322237947964,0,100,100,NA
"246","BRD-K03552198","1562008","HA1E","trt_cp","down",-0.215316242846559,0.138118354484833,0.314451408995329,-0.803968384551267,-0.808048796115963,100,100,NA
"247","SKF-81297","11957706","HA1E","trt_cp","down",-0.214150083171446,0.14291145701622,0.314451408995329,-0.79961406600226,-0.263074479990339,100,100,"DRD1"
"248","SA-1459167","54658498","NKDBA","trt_cp","down",-0.214059008362457,0.14291145701622,0.314451408995329,-0.839197882193656,-0.562262581069749,100,100,NA
"249","biochanin-a","5280373","HA1E","trt_cp","down",-0.213545514306243,0.14291145701622,0.314451408995329,-0.797356668940704,-0.023920700068221,100,100,NA
"250","seneciphylline","5281750","HA1E","trt_cp","down",-0.213308408387422,0.147753561344876,0.314451408995329,-0.796471340179615,0,100,100,NA
"251","LY-456236","9926999","HA1E","trt_cp","down",-0.212937504207494,0.147753561344876,0.314451408995329,-0.795086422672146,-0.556560495870502,100,100,"GRM1"
"252","JAS07-008","24747183","HA1E","trt_cp","down",-0.212920537292355,0.147753561344876,0.314451408995329,-0.795023069981359,0,100,100,NA
"253","BRD-K23673040","690299","HA1E","trt_cp","down",-0.212212594053859,0.152643166083584,0.314451408995329,-0.792379683796074,0,100,100,NA
"254","caffeic-acid","689043","HA1E","trt_cp","down",-0.209738532306423,0.162510391666666,0.314451408995329,-0.783141795376372,0,100,100,"ALOX5; MIF; RELA; TNF"
"255","flunisolide","5702174","HA1E","trt_cp","down",-0.207951965071649,0.172464501875189,0.314451408995329,-0.776470939733322,0,100,100,"NR3C1"
"256","SDZ-21009","193949","HA1E","trt_cp","down",-0.206059889597909,0.182443918074043,0.314451408995329,-0.76940612733477,0,100,100,NA
"257","BRD-K92419424","24747242","HA1E","trt_cp","down",-0.204907913284382,0.187423279657217,0.314451408995329,-0.765104767978022,-0.773562573978485,100,100,NA
"258","benzbromarone","2333","HA1E","trt_cp","down",-0.204500692049297,0.187423279657217,0.314451408995329,-0.763584246375944,-0.0152716849275189,100,100,"ABCC1; CYP2C9; SLC22A12"
"259","pregnenolone","7088398","HA1E","trt_cp","down",-0.20288994587125,0.197308543646131,0.314451408995329,-0.757569888213431,0,100,100,"BPNT1; CGA; CYP11A1; CYP17A1; CYP21A2; CYP7B1; HSD3B1; HSD3B2; LHB; NR1I2; PGR; POMC; STS; SULT2A1; SULT2B1"
"260","lumicolchicine","244898","HA1E","trt_cp","down",-0.202863209147102,0.197308543646131,0.314451408995329,-0.757470056075187,0.0242985468751665,100,100,NA
"261","BRD-K03954795","902452","HA1E","trt_cp","down",-0.202700033615546,0.197308543646131,0.314451408995329,-0.7568607756662,-0.837891378140652,100,100,NA
"262","raclopride","3033769","HA1E","trt_cp","down",-0.202247772240941,0.202205938190978,0.314451408995329,-0.755172078882673,0,100,100,"DRD3; INSR"
"263","BI-2536","11364421","HA1E","trt_cp","down",-0.201787129413395,0.202205938190978,0.314451408995329,-0.753452086628391,0,100,100,"BRD4; PLK1; PLK2; PLK3"
"264","tetrindole","160019","HA1E","trt_cp","down",-0.20098432525091,0.207062555929394,0.314451408995329,-0.750454499650784,0,100,100,"MAOA"
"265","mebeverine","4031","HA1E","trt_cp","down",-0.20036736781285,0.211857943180458,0.314451408995329,-0.748150844950809,0,100,100,"CHRM1; CHRM4; IL13"
"266","vorinostat","5311","HA1E","trt_cp","down",-0.200161928856593,0.211857943180458,0.314451408995329,-0.74738375732378,0,100,100,"HDAC1; HDAC10; HDAC11; HDAC2; HDAC3; HDAC4; HDAC5; HDAC6; HDAC7; HDAC8; HDAC9"
"267","BRD-K85051645","56643193","HA1E","trt_cp","down",-0.200031814965658,0.211857943180458,0.314451408995329,-0.746897925631199,-0.713157504640788,100,100,NA
"268","nitrendipine","4507","HA1E","trt_cp","down",-0.199962898620731,0.211857943180458,0.314451408995329,-0.746640599190016,0,100,100,"CACNA1C; CACNA1D; CACNA1H; CACNA1S; CACNA2D1; CACNA2D2; CACNB2; CACNG1; KCNN4"
"269","tetramisole","3913","HA1E","trt_cp","down",-0.19965349469709,0.211857943180458,0.314451408995329,-0.745485317222552,0,100,100,NA
"270","protopine","4970","HA1E","trt_cp","down",-0.199506901464478,0.211857943180458,0.314451408995329,-0.74493795338761,0,100,100,"ACHE; SLC6A2; SLC6A4"
"271","BRD-K35716340","1641662","HA1E","trt_cp","down",-0.199107787029744,0.216603675857202,0.314451408995329,-0.743447701732176,0.933834669855792,100,100,NA
"272","maprotiline","4011","HA1E","trt_cp","down",-0.198158018540359,0.221300384977442,0.314451408995329,-0.739901365292279,0,100,100,"ADRA1A; ADRA1B; ADRA1D; ADRA2B; ADRA2C; CHRM1; CHRM4; CHRM5; HRH1; HTR7; SLC6A2"
"273","clemastine","26987","HA1E","trt_cp","down",-0.196057444015847,0.230417743803198,0.314451408995329,-0.732058039193072,0,100,100,"HRH1"
"274","SA-427604","44620034","NKDBA","trt_cp","down",-0.195463744489557,0.234854473583397,0.314451408995329,-0.766296927544054,-0.513418941454516,100,100,NA
"275","SB-222200","6604009","HA1E","trt_cp","down",-0.195209171788318,0.234854473583397,0.314451408995329,-0.728890679204759,0,100,100,"TACR3"
"276","estradiol","5757","HA1E","trt_cp","down",-0.194342767416887,0.239193591435287,0.314451408995329,-0.725655615683035,0,100,100,"ATP6; BECN1; BPNT1; CHRNA4; CYP2A6; CYP2B6; CYP2C8; CYP2E1; CYP3A5; CYP3A7; ESR1; ESR2; ESRRA; ESRRB; ESRRG; GPER1; HSD17B1; HSD17B11; HSD17B12; HSD17B2; HSD17B6; HSD17B7; HSD17B8; KCNMA1; NCOA2; NR1I2; SHBG; SULT1A1; SULT1E1; UGT1A1; UGT1A10; UGT1A3; UGT1A4; UGT1A5; UGT1A6; UGT1A7; UGT1A8; UGT1A9; UGT2A2; UGT2A3; UGT2B10; UGT2B11; UGT2B15; UGT2B17; UGT2B4; UGT2B7"
"277","hydrastine-(1r,-9s)","197834","HA1E","trt_cp","down",-0.194123025987578,0.239193591435287,0.314451408995329,-0.724835124113959,-0.0217450537234186,100,100,NA
"278","PSH-013","6572379","HA1E","trt_cp","down",-0.190732907290214,0.25156297673124,0.314451408995329,-0.712176774625207,-0.0131844601717,100,100,NA
"279","AGK-2","2130404","HA1E","trt_cp","down",-0.19058062596724,0.25156297673124,0.314451408995329,-0.711608172054354,-0.488031435756885,100,100,"SIRT2"
"280","cytosporone-b","10687292","HA1E","trt_cp","down",-0.190213530632876,0.255458510817974,0.314451408995329,-0.710237476378807,0,100,100,"NR4A1"
"281","entinostat","4261","HA1E","trt_cp","down",-0.187181758929789,0.266346135727406,0.314451408995329,-0.698917157176526,0,100,100,"HDAC1; HDAC2; HDAC3; HDAC9"
"282","ISOX","24951314","HA1E","trt_cp","down",-0.185359662021606,0.272951869573056,0.314451408995329,-0.692113637440155,0,100,100,"HDAC6"
"283","PD-158780","4707","HA1E","trt_cp","down",-0.183586935365436,0.276019334211797,0.314451408995329,-0.685494461073476,0,100,100,"EGFR"
"284","xylazine","5707","HA1E","trt_cp","down",-0.181781707888774,0.281727760723615,0.314451408995329,-0.678753930034237,-0.020362617901027,100,100,"ADRA2B; ADRA2C"
"285","gabazine","107895","HA1E","trt_cp","down",-0.181472788277206,0.28437205175965,0.314451408995329,-0.677600456437519,0,100,100,"GABRA2; GABRA3; GABRA4; GABRA5; GABRA6; GABRG2"
"286","purvalanol-a","456214","HA1E","trt_cp","down",-0.181404764776092,0.28437205175965,0.314451408995329,-0.677346463781973,0,100,100,"CCND1; CCNE1; CDK1; CDK2; CDK4; CDK5; CSNK1G3; RPS6KA1; SRC"
"287","SA-1939936","60189878","NKDBA","trt_cp","down",-0.181356280485282,0.28437205175965,0.314451408995329,-0.710989963328542,0,100,100,NA
"288","apicidin","467801","HA1E","trt_cp","down",-0.179195802819736,0.289220836173458,0.314451408995329,-0.66909843032148,0,100,100,"HDAC1; HDAC10; HDAC11; HDAC2; HDAC3; HDAC4; HDAC5; HDAC6; HDAC7; HDAC8; HDAC9"
"289","cyclopentolate","2905","HA1E","trt_cp","down",-0.176512770606612,0.293479118467241,0.314451408995329,-0.65908026798701,-0.0197724080396102,100,100,"CHRM1"
"290","FU-JMBII127B","24856313","HA1E","trt_cp","down",-0.176483591268131,0.295424807503664,0.314451408995329,-0.658971315381714,0,100,100,NA
"291","papaverine","6084","HA1E","trt_cp","down",-0.175633212226194,0.295424807503664,0.314451408995329,-0.655796088768227,0,100,100,"PDE10A; PDE4B; PDE5A"
"292","BRD-K30381384","6619100","HA1E","trt_cp","down",-0.175511654950093,0.295424807503664,0.314451408995329,-0.655342206582632,-0.0131068441316527,100,100,NA
"293","benzanthrone","6697","HA1E","trt_cp","down",-0.172587276120169,0.300440398213149,0.314451408995329,-0.644422881163298,-0.00644422881163299,100,100,NA
"294","phosphodiesterase-V-inhibitor-II","11003969","HA1E","trt_cp","down",-0.171639287669043,0.301874723467322,0.314451408995329,-0.640883191200528,0,100,100,"PDE5A"
"295","finasteride","10970751","HA1E","trt_cp","down",-0.170437996676995,0.304398250748986,0.314451408995329,-0.636397695979712,-0.637048736124029,100,100,"AKR1D1; AR; KLK3; SRD5A1; SRD5A2"
"296","LY-288513","2802894","HA1E","trt_cp","down",-0.168309375699378,0.30650027988904,0.314451408995329,-0.628449647350995,0,100,100,"CCKBR"
"297","SB-216641","3292447","HA1E","trt_cp","down",-0.164555024761091,0.308992212761452,0.314451408995329,-0.614431292678868,0,100,100,"HTR1B; HTR1D; HTR2B"
"298","resveratrol","445154","HA1E","trt_cp","down",-0.163447293168792,0.31026234282815,0.314451408995329,-0.610295138494662,0,100,100,"AHR; AKT1; ALOX15; ALOX5; APOA1; APP; ATP5A1; ATP5B; ATP5C1; BACE1; CBR1; CLEC14A; CSNK2A1; ITGA5; ITGB3; KHSRP; MAOA; MAT2B; MTNR1A; MTNR1B; NQO2; NR1I2; NR1I3; PI4K2B; PPARA; PPARG; SCN5A; SIRT1; SIRT5; SLC2A1; SNCA; SULT1B1; TXNRD1; TXNRD2; YARS"
"299","mebendazole","4030","NKDBA","trt_cp","down",-0.160328565384987,0.311697103267023,0.314451408995329,-0.62855281613939,0,100,100,"TUBA1A; TUBB; TUBB4B"
"300","INCA-6","230748","HA1E","trt_cp","down",-0.151352327384366,0.313791081490119,0.314451408995329,-0.565133798252267,0,100,100,"NFATC1"
"301","r(-)-propylnorapomorphine","NotFound","HA1E","trt_cp","down",-0.150950346992573,0.313791081490119,0.314451408995329,-0.563632845412208,-0.0169089853623661,100,100,"DRD1; DRD3"
"302","RS-39604","5145950","HA1E","trt_cp","down",-0.147834443516223,0.314060221468105,0.314451408995329,-0.551998386946928,0,100,100,"HTR4"
