"","Mouse.gene.stable.ID","UpLFC"
"1","ENSMUSG00000000982","3.71952029873987"
"2","ENSMUSG00000000983","2.26945034181535"
"3","ENSMUSG00000001021","2.33116986058767"
"4","ENSMUSG00000001403","2.77238654409486"
"5","ENSMUSG00000002020","2.95304677605029"
"6","ENSMUSG00000003779","2.04429373029003"
"7","ENSMUSG00000004296","2.49661063555229"
"8","ENSMUSG00000004359","2.08257600389995"
"9","ENSMUSG00000004814","2.06279497516905"
"10","ENSMUSG00000005800","2.91653308604461"
"11","ENSMUSG00000006398","2.22015809757977"
"12","ENSMUSG00000008193","2.48568816609011"
"13","ENSMUSG00000010435","3.95801045578354"
"14","ENSMUSG00000014453","2.30667995586888"
"15","ENSMUSG00000015880","2.383922743016"
"16","ENSMUSG00000016255","2.35364467911756"
"17","ENSMUSG00000016529","2.62711604390556"
"18","ENSMUSG00000017195","2.34273479669889"
"19","ENSMUSG00000018543","2.56375969625373"
"20","ENSMUSG00000018623","2.14490444837148"
"21","ENSMUSG00000019942","2.51153706275827"
"22","ENSMUSG00000020310","3.28267893975387"
"23","ENSMUSG00000020330","2.71499748732913"
"24","ENSMUSG00000020583","2.33117874696259"
"25","ENSMUSG00000020897","2.09467286395466"
"26","ENSMUSG00000020912","2.72659804938163"
"27","ENSMUSG00000020914","2.43491045616963"
"28","ENSMUSG00000021056","3.32416118199232"
"29","ENSMUSG00000021091","2.56104186264588"
"30","ENSMUSG00000021208","3.27844026421875"
"31","ENSMUSG00000021250","2.45390341298236"
"32","ENSMUSG00000021403","3.0586295583663"
"33","ENSMUSG00000021485","2.22075441122056"
"34","ENSMUSG00000021553","2.34979736669317"
"35","ENSMUSG00000022021","2.15401721368271"
"36","ENSMUSG00000022025","3.863339876579"
"37","ENSMUSG00000022033","2.32766017196068"
"38","ENSMUSG00000022034","2.42696328049428"
"39","ENSMUSG00000022126","3.47064354315741"
"40","ENSMUSG00000022367","2.00468268068816"
"41","ENSMUSG00000022596","2.0901249338478"
"42","ENSMUSG00000022818","3.07837827247774"
"43","ENSMUSG00000022842","4.0521418074503"
"44","ENSMUSG00000023159","2.30462430593334"
"45","ENSMUSG00000023403","2.30711845564059"
"46","ENSMUSG00000023473","3.21254852397416"
"47","ENSMUSG00000024658","2.31517517935077"
"48","ENSMUSG00000024912","2.27678528116958"
"49","ENSMUSG00000024989","2.47404127216212"
"50","ENSMUSG00000025002","3.03637832515883"
"51","ENSMUSG00000025064","2.42864004835022"
"52","ENSMUSG00000025196","2.13648834043759"
"53","ENSMUSG00000025355","2.28834756944715"
"54","ENSMUSG00000025467","3.07874571770819"
"55","ENSMUSG00000025480","2.06397963222865"
"56","ENSMUSG00000025938","2.39045553937629"
"57","ENSMUSG00000026039","2.18794872404266"
"58","ENSMUSG00000026166","2.55174872584116"
"59","ENSMUSG00000026605","2.82117004955551"
"60","ENSMUSG00000026955","2.43897511435636"
"61","ENSMUSG00000026981","2.64814074687362"
"62","ENSMUSG00000026984","3.3282944719851"
"63","ENSMUSG00000027022","2.56750346813875"
"64","ENSMUSG00000027073","2.35701872160641"
"65","ENSMUSG00000027326","2.21182793135462"
"66","ENSMUSG00000027331","2.18540684338133"
"67","ENSMUSG00000027379","2.25804946498292"
"68","ENSMUSG00000027469","2.53026648678819"
"69","ENSMUSG00000027496","2.11879546953044"
"70","ENSMUSG00000027670","4.29340154797426"
"71","ENSMUSG00000027715","2.19667405694778"
"72","ENSMUSG00000027793","2.29649238635155"
"73","ENSMUSG00000028068","2.6178650537163"
"74","ENSMUSG00000028175","2.42940625908584"
"75","ENSMUSG00000028259","2.76109947313612"
"76","ENSMUSG00000028362","2.19509769056661"
"77","ENSMUSG00000028460","2.26178098028246"
"78","ENSMUSG00000028678","2.68636263433495"
"79","ENSMUSG00000028804","2.35316738722696"
"80","ENSMUSG00000029307","2.27768017430444"
"81","ENSMUSG00000029320","2.31517517935077"
"82","ENSMUSG00000029343","2.91636381972569"
"83","ENSMUSG00000029372","2.49053419061578"
"84","ENSMUSG00000029379","2.29649238635155"
"85","ENSMUSG00000029420","2.35710520417144"
"86","ENSMUSG00000029517","2.67939466056369"
"87","ENSMUSG00000029659","2.20917398557301"
"88","ENSMUSG00000030117","2.22178756990341"
"89","ENSMUSG00000030142","2.91408290023377"
"90","ENSMUSG00000030162","5.36849347107049"
"91","ENSMUSG00000030236","2.24979831822362"
"92","ENSMUSG00000030345","2.25497522615224"
"93","ENSMUSG00000030483","3.33337666479446"
"94","ENSMUSG00000030677","2.02218674356879"
"95","ENSMUSG00000030762","2.5820391771446"
"96","ENSMUSG00000030827","4.16365263858249"
"97","ENSMUSG00000030887","2.08880939833158"
"98","ENSMUSG00000031004","2.73857335569924"
"99","ENSMUSG00000031262","2.09545939925898"
"100","ENSMUSG00000031293","2.28841694410589"
"101","ENSMUSG00000031512","2.27766822641314"
"102","ENSMUSG00000031620","5.91350507066168"
"103","ENSMUSG00000031780","2.45503502342125"
"104","ENSMUSG00000031933","2.2777017725563"
"105","ENSMUSG00000032053","2.14949157727084"
"106","ENSMUSG00000032218","2.76050993514145"
"107","ENSMUSG00000032783","2.31802288980447"
"108","ENSMUSG00000032818","2.33090801122318"
"109","ENSMUSG00000032889","6.92018927671956"
"110","ENSMUSG00000032948","3.5049814739065"
"111","ENSMUSG00000033255","2.06573434262947"
"112","ENSMUSG00000033501","2.07277757437443"
"113","ENSMUSG00000033952","2.16367838070505"
"114","ENSMUSG00000034107","3.03284697903292"
"115","ENSMUSG00000034219","4.89069734072217"
"116","ENSMUSG00000034452","2.26944154455968"
"117","ENSMUSG00000034958","2.68700666403882"
"118","ENSMUSG00000035131","3.00263778312671"
"119","ENSMUSG00000035352","2.10535345184653"
"120","ENSMUSG00000035373","3.18446647216684"
"121","ENSMUSG00000035385","3.02455508848232"
"122","ENSMUSG00000035683","2.16884355587903"
"123","ENSMUSG00000037033","3.88065806659406"
"124","ENSMUSG00000037544","2.40876876888495"
"125","ENSMUSG00000037628","3.14833136249884"
"126","ENSMUSG00000037689","2.32319527606888"
"127","ENSMUSG00000037725","2.61216677117825"
"128","ENSMUSG00000038112","3.09782052098028"
"129","ENSMUSG00000038379","2.21635611036368"
"130","ENSMUSG00000038754","2.30947313811088"
"131","ENSMUSG00000038943","2.60970090639121"
"132","ENSMUSG00000039330","2.08346268439567"
"133","ENSMUSG00000039396","2.97751431271497"
"134","ENSMUSG00000039462","2.7061745380467"
"135","ENSMUSG00000039521","3.47125332386111"
"136","ENSMUSG00000039814","2.55846442496529"
"137","ENSMUSG00000040540","2.3161973619696"
"138","ENSMUSG00000040583","2.57402372576128"
"139","ENSMUSG00000041064","2.10872986291952"
"140","ENSMUSG00000041324","2.34277948752322"
"141","ENSMUSG00000041431","2.71885757606329"
"142","ENSMUSG00000041498","2.0657304003659"
"143","ENSMUSG00000041703","3.02665704752311"
"144","ENSMUSG00000041754","2.56256145971097"
"145","ENSMUSG00000042262","2.90058403019807"
"146","ENSMUSG00000042268","2.38211989957366"
"147","ENSMUSG00000042717","4.40306262927909"
"148","ENSMUSG00000042976","2.04706905993909"
"149","ENSMUSG00000043460","2.29648237473959"
"150","ENSMUSG00000043484","2.06522390003688"
"151","ENSMUSG00000043740","3.23451832401231"
"152","ENSMUSG00000043903","2.62418250570488"
"153","ENSMUSG00000043939","2.70181424880942"
"154","ENSMUSG00000044201","2.90373054575706"
"155","ENSMUSG00000044288","2.17471957402683"
"156","ENSMUSG00000044303","2.54609690421039"
"157","ENSMUSG00000044609","2.72176163824203"
"158","ENSMUSG00000045010","2.33587400478853"
"159","ENSMUSG00000045551","3.57374471484565"
"160","ENSMUSG00000046179","2.02502629691541"
"161","ENSMUSG00000046180","2.60823009753172"
"162","ENSMUSG00000046295","2.58095568884029"
"163","ENSMUSG00000046610","2.02373694391365"
"164","ENSMUSG00000047108","2.73942414009801"
"165","ENSMUSG00000047370","2.1251353110815"
"166","ENSMUSG00000047534","2.65886985283727"
"167","ENSMUSG00000047678","2.54502227393029"
"168","ENSMUSG00000048065","2.72049091116773"
"169","ENSMUSG00000048215","2.20662318671829"
"170","ENSMUSG00000048327","2.52946970022378"
"171","ENSMUSG00000048334","2.54801018464121"
"172","ENSMUSG00000048378","2.5076696230654"
"173","ENSMUSG00000048939","3.05450381183029"
"174","ENSMUSG00000049414","4.64839723397146"
"175","ENSMUSG00000049476","3.01649375708936"
"176","ENSMUSG00000049576","2.26945034181535"
"177","ENSMUSG00000049832","2.33589694193055"
"178","ENSMUSG00000049916","2.93010789236284"
"179","ENSMUSG00000050553","2.30710957425111"
"180","ENSMUSG00000050761","2.70830472985988"
"181","ENSMUSG00000050936","5.21926009429676"
"182","ENSMUSG00000050982","2.06528413187692"
"183","ENSMUSG00000051220","2.0168579910533"
"184","ENSMUSG00000051378","2.59811639761661"
"185","ENSMUSG00000051969","2.16300952572665"
"186","ENSMUSG00000052305","2.00715216756759"
"187","ENSMUSG00000052372","2.3376684321946"
"188","ENSMUSG00000052850","2.07584681008588"
"189","ENSMUSG00000053211","2.31517517935077"
"190","ENSMUSG00000053522","2.09676729161024"
"191","ENSMUSG00000053765","3.51385961139842"
"192","ENSMUSG00000053925","2.02925537271799"
"193","ENSMUSG00000054667","3.33853730635189"
"194","ENSMUSG00000055177","2.29649238635155"
"195","ENSMUSG00000056271","2.34272970312167"
"196","ENSMUSG00000057157","2.09900567897672"
"197","ENSMUSG00000058019","4.27313994969013"
"198","ENSMUSG00000058537","2.30711845564059"
"199","ENSMUSG00000058728","2.30456059394358"
"200","ENSMUSG00000059058","8.20049889119737"
"201","ENSMUSG00000059136","2.03288667513281"
"202","ENSMUSG00000059179","3.02088485966701"
"203","ENSMUSG00000059205","2.68544885146586"
"204","ENSMUSG00000059762","2.72049091116773"
"205","ENSMUSG00000059776","5.61859577189525"
"206","ENSMUSG00000060128","2.66425600651456"
"207","ENSMUSG00000060311","3.03133900188629"
"208","ENSMUSG00000060680","2.21871587184837"
"209","ENSMUSG00000060730","2.33998436848373"
"210","ENSMUSG00000060962","2.77678962194068"
"211","ENSMUSG00000061520","3.71269769999124"
"212","ENSMUSG00000061525","2.30710957425111"
"213","ENSMUSG00000062082","2.34751884959875"
"214","ENSMUSG00000062154","2.29652785070106"
"215","ENSMUSG00000062170","2.6458117696172"
"216","ENSMUSG00000062235","2.30615517740099"
"217","ENSMUSG00000062272","3.72696654996202"
"218","ENSMUSG00000062275","2.18583895629996"
"219","ENSMUSG00000062282","2.07110220416189"
"220","ENSMUSG00000062284","2.11406528689812"
"221","ENSMUSG00000062518","2.31671653209362"
"222","ENSMUSG00000062582","3.83223104646535"
"223","ENSMUSG00000063234","2.92825568383587"
"224","ENSMUSG00000063739","2.05956571674927"
"225","ENSMUSG00000063953","3.08685944538455"
"226","ENSMUSG00000063975","2.26944154455968"
"227","ENSMUSG00000064063","2.55526884451821"
"228","ENSMUSG00000064398","2.29640227358604"
"229","ENSMUSG00000064495","2.74070533057574"
"230","ENSMUSG00000064880","4.07045218849382"
"231","ENSMUSG00000065097","3.04444158758672"
"232","ENSMUSG00000065124","2.72238796775824"
"233","ENSMUSG00000065629","2.30463325222892"
"234","ENSMUSG00000065715","2.07844072120461"
"235","ENSMUSG00000066007","2.49175941242043"
"236","ENSMUSG00000066129","3.01697703477493"
"237","ENSMUSG00000066362","3.51138829465622"
"238","ENSMUSG00000066755","3.05794256018196"
"239","ENSMUSG00000067147","5.53039622876605"
"240","ENSMUSG00000067149","2.01881584544038"
"241","ENSMUSG00000067189","3.5074581243672"
"242","ENSMUSG00000067231","2.53436144465395"
"243","ENSMUSG00000067541","2.29652785070106"
"244","ENSMUSG00000067575","8.93786156027847"
"245","ENSMUSG00000067919","3.53631882098365"
"246","ENSMUSG00000068014","2.35890727319812"
"247","ENSMUSG00000068129","2.27965509876039"
"248","ENSMUSG00000068141","2.25377492506918"
"249","ENSMUSG00000068154","2.27890099165522"
"250","ENSMUSG00000068165","5.48463026188139"
"251","ENSMUSG00000068407","2.3381304930504"
"252","ENSMUSG00000068547","3.00263778312671"
"253","ENSMUSG00000068606","2.81242488283638"
"254","ENSMUSG00000068614","2.66920861959858"
"255","ENSMUSG00000068744","2.35190976923208"
"256","ENSMUSG00000069265","2.73474923212948"
"257","ENSMUSG00000069302","2.98572356220719"
"258","ENSMUSG00000069441","2.30692171689891"
"259","ENSMUSG00000069515","2.13978496238421"
"260","ENSMUSG00000069917","2.08482471544076"
"261","ENSMUSG00000069919","2.13399267030167"
"262","ENSMUSG00000070323","2.69371640483822"
"263","ENSMUSG00000070369","2.31211951378532"
"264","ENSMUSG00000070504","2.29649119853499"
"265","ENSMUSG00000070547","2.32319527606888"
"266","ENSMUSG00000070594","2.2789332087736"
"267","ENSMUSG00000070687","2.93708988534897"
"268","ENSMUSG00000071047","2.29649119853499"
"269","ENSMUSG00000071322","2.28837646309403"
"270","ENSMUSG00000071362","2.72557883557026"
"271","ENSMUSG00000071414","2.10766568954601"
"272","ENSMUSG00000072082","2.1816391563644"
"273","ENSMUSG00000072479","2.30711845564059"
"274","ENSMUSG00000072596","2.86598753301234"
"275","ENSMUSG00000072680","5.46845570638779"
"276","ENSMUSG00000072739","2.30711845564059"
"277","ENSMUSG00000072952","2.29649119853499"
"278","ENSMUSG00000073008","2.1554105656647"
"279","ENSMUSG00000073028","3.70322118355266"
"280","ENSMUSG00000073492","2.0172742018268"
"281","ENSMUSG00000073631","2.25031041472299"
"282","ENSMUSG00000073737","3.55798552763765"
"283","ENSMUSG00000074240","2.71345979874383"
"284","ENSMUSG00000074736","2.4211299652166"
"285","ENSMUSG00000074868","2.72239696605202"
"286","ENSMUSG00000074882","2.15178759433731"
"287","ENSMUSG00000075099","2.29631860400054"
"288","ENSMUSG00000075277","2.18700205282121"
"289","ENSMUSG00000075312","2.3059911818312"
"290","ENSMUSG00000076462","3.26407538567476"
"291","ENSMUSG00000076501","3.36624744856739"
"292","ENSMUSG00000076508","2.44663530612916"
"293","ENSMUSG00000076512","4.85156386706142"
"294","ENSMUSG00000076514","2.2696721437654"
"295","ENSMUSG00000076518","4.4767826084919"
"296","ENSMUSG00000076522","4.78483847545242"
"297","ENSMUSG00000076523","2.16314307459471"
"298","ENSMUSG00000076525","4.3629104902047"
"299","ENSMUSG00000076532","4.14840931090483"
"300","ENSMUSG00000076533","3.66361751718158"
"301","ENSMUSG00000076534","3.26682569454422"
"302","ENSMUSG00000076536","4.95296937794139"
"303","ENSMUSG00000076538","2.13948921639163"
"304","ENSMUSG00000076540","4.07012684090305"
"305","ENSMUSG00000076543","2.07680915601067"
"306","ENSMUSG00000076545","2.24286509805888"
"307","ENSMUSG00000076547","5.52594720329245"
"308","ENSMUSG00000076548","2.60261866091391"
"309","ENSMUSG00000076549","3.63480811711856"
"310","ENSMUSG00000076552","3.66731498409531"
"311","ENSMUSG00000076555","2.24983296537144"
"312","ENSMUSG00000076563","2.00282538508409"
"313","ENSMUSG00000076564","4.59351805638049"
"314","ENSMUSG00000076577","2.87061865055579"
"315","ENSMUSG00000076583","3.49313733583982"
"316","ENSMUSG00000076586","2.11230684517531"
"317","ENSMUSG00000076594","3.45783401347313"
"318","ENSMUSG00000076598","2.29600012746698"
"319","ENSMUSG00000076609","2.07988657400901"
"320","ENSMUSG00000076612","3.00129300889246"
"321","ENSMUSG00000076613","3.00123154385725"
"322","ENSMUSG00000076614","2.93518651799945"
"323","ENSMUSG00000076615","4.31355904463458"
"324","ENSMUSG00000076618","2.73018389286614"
"325","ENSMUSG00000076646","5.48339672159977"
"326","ENSMUSG00000076653","4.65789441876387"
"327","ENSMUSG00000076655","3.53642151581152"
"328","ENSMUSG00000076670","3.0494957773833"
"329","ENSMUSG00000076674","4.55973176379954"
"330","ENSMUSG00000076676","2.25030152272133"
"331","ENSMUSG00000076680","4.40552747161977"
"332","ENSMUSG00000076731","2.82299932983577"
"333","ENSMUSG00000076733","3.83223104646535"
"334","ENSMUSG00000076867","2.27766822641314"
"335","ENSMUSG00000076934","2.27958120046816"
"336","ENSMUSG00000076937","2.03681124797107"
"337","ENSMUSG00000076939","2.36363691522523"
"338","ENSMUSG00000076940","2.74880297043566"
"339","ENSMUSG00000077426","3.00296539682359"
"340","ENSMUSG00000078162","2.74701088834358"
"341","ENSMUSG00000078183","6.65964511829699"
"342","ENSMUSG00000078452","3.25814869174891"
"343","ENSMUSG00000078480","2.79482053006172"
"344","ENSMUSG00000078521","2.25444085153494"
"345","ENSMUSG00000079012","2.87590108654093"
"346","ENSMUSG00000079014","2.34226367338103"
"347","ENSMUSG00000079071","3.90921926545091"
"348","ENSMUSG00000079190","2.98899291567248"
"349","ENSMUSG00000079223","5.47885121796971"
"350","ENSMUSG00000079224","2.66425600651456"
"351","ENSMUSG00000079451","2.28838530517547"
"352","ENSMUSG00000079625","2.92223406683791"
"353","ENSMUSG00000079794","2.72239696605202"
"354","ENSMUSG00000080364","2.34211250853923"
"355","ENSMUSG00000080844","2.32739540615411"
"356","ENSMUSG00000081121","2.25029540864928"
"357","ENSMUSG00000081126","2.31890193969763"
"358","ENSMUSG00000081201","2.98550254342363"
"359","ENSMUSG00000081355","3.99800280930834"
"360","ENSMUSG00000081551","3.31370799232359"
"361","ENSMUSG00000081604","9.2516786245933"
"362","ENSMUSG00000081684","2.59047768548704"
"363","ENSMUSG00000081718","2.06009651960878"
"364","ENSMUSG00000081738","2.3464125558212"
"365","ENSMUSG00000081766","2.25031041472299"
"366","ENSMUSG00000081787","2.05739914374221"
"367","ENSMUSG00000081895","3.3727814433324"
"368","ENSMUSG00000081991","2.73339433953116"
"369","ENSMUSG00000082045","3.1929807022112"
"370","ENSMUSG00000082051","2.0392272079238"
"371","ENSMUSG00000082082","2.27975715470258"
"372","ENSMUSG00000082154","2.84624405339874"
"373","ENSMUSG00000082187","2.32318617971883"
"374","ENSMUSG00000082189","2.33151125727501"
"375","ENSMUSG00000082329","2.33117874696259"
"376","ENSMUSG00000082330","2.25030152272133"
"377","ENSMUSG00000082413","2.25031041472299"
"378","ENSMUSG00000082545","2.30401321213399"
"379","ENSMUSG00000082789","2.30711845564059"
"380","ENSMUSG00000082825","2.72224792145284"
"381","ENSMUSG00000082902","2.03733867816226"
"382","ENSMUSG00000082956","4.49429699661762"
"383","ENSMUSG00000083007","2.92227952813855"
"384","ENSMUSG00000083077","2.29649238635155"
"385","ENSMUSG00000083087","2.25028967475823"
"386","ENSMUSG00000083139","3.02712456974374"
"387","ENSMUSG00000083170","6.90011403776514"
"388","ENSMUSG00000083325","4.92074163656079"
"389","ENSMUSG00000083353","2.98853323506137"
"390","ENSMUSG00000083374","2.74700165628008"
"391","ENSMUSG00000083436","2.55240346403442"
"392","ENSMUSG00000083454","2.70617628205527"
"393","ENSMUSG00000083462","3.0218960922367"
"394","ENSMUSG00000083474","2.72201673088605"
"395","ENSMUSG00000083496","2.04250509632689"
"396","ENSMUSG00000083736","2.56948849957271"
"397","ENSMUSG00000083911","2.70050357836689"
"398","ENSMUSG00000084038","2.25073961263447"
"399","ENSMUSG00000084088","4.20416373136085"
"400","ENSMUSG00000084105","2.30462117413758"
"401","ENSMUSG00000084292","2.29652785070106"
"402","ENSMUSG00000084342","2.00729347504976"
"403","ENSMUSG00000084353","2.72653570780638"
"404","ENSMUSG00000084370","2.33117874696259"
"405","ENSMUSG00000084403","9.48717633396549"
"406","ENSMUSG00000084407","3.85941767415621"
"407","ENSMUSG00000084523","3.53007333498212"
"408","ENSMUSG00000084644","2.29642333091511"
"409","ENSMUSG00000084729","2.02537246365817"
"410","ENSMUSG00000084828","3.53178075300079"
"411","ENSMUSG00000084840","2.26958889964906"
"412","ENSMUSG00000084874","2.26945034181535"
"413","ENSMUSG00000084964","2.69476943593123"
"414","ENSMUSG00000085070","2.17093081117574"
"415","ENSMUSG00000085121","2.44338072772415"
"416","ENSMUSG00000085174","2.28839632706942"
"417","ENSMUSG00000085278","2.72049091116773"
"418","ENSMUSG00000085337","2.18005913852275"
"419","ENSMUSG00000085415","2.31318064321385"
"420","ENSMUSG00000085574","2.06357311109899"
"421","ENSMUSG00000085666","4.6317433308715"
"422","ENSMUSG00000085747","2.46835761989669"
"423","ENSMUSG00000085771","2.3546018687013"
"424","ENSMUSG00000085786","2.38230953011475"
"425","ENSMUSG00000085834","2.55449200823264"
"426","ENSMUSG00000085870","3.05721284445806"
"427","ENSMUSG00000085887","2.25846343416533"
"428","ENSMUSG00000085911","2.30711845564059"
"429","ENSMUSG00000086047","2.00864941698446"
"430","ENSMUSG00000086236","2.73474807872341"
"431","ENSMUSG00000086432","2.08406349630336"
"432","ENSMUSG00000086573","2.08318981123744"
"433","ENSMUSG00000086917","2.10109437023428"
"434","ENSMUSG00000086942","3.27925529918573"
"435","ENSMUSG00000087172","2.27126478818369"
"436","ENSMUSG00000087248","2.29649282904775"
"437","ENSMUSG00000087479","2.03108012478752"
"438","ENSMUSG00000087582","3.7237629122703"
"439","ENSMUSG00000087600","3.53331180605149"
"440","ENSMUSG00000087669","3.03133900188629"
"441","ENSMUSG00000088102","2.55526884451821"
"442","ENSMUSG00000088326","2.29626570361607"
"443","ENSMUSG00000088475","2.19346082860515"
"444","ENSMUSG00000088958","2.29649282904775"
"445","ENSMUSG00000089318","3.53289769547824"
"446","ENSMUSG00000089651","3.01978390727137"
"447","ENSMUSG00000089722","7.85698716591441"
"448","ENSMUSG00000089739","3.64138124169016"
"449","ENSMUSG00000089844","2.06520577990614"
"450","ENSMUSG00000089956","2.03757686695823"
"451","ENSMUSG00000089987","2.31389306572232"
"452","ENSMUSG00000090103","2.70114828432388"
"453","ENSMUSG00000090186","2.33117874696259"
"454","ENSMUSG00000090300","3.04447352266856"
"455","ENSMUSG00000090306","4.56323066526369"
"456","ENSMUSG00000090331","3.53152987595179"
"457","ENSMUSG00000090334","2.31517517935077"
"458","ENSMUSG00000090561","2.30462430593334"
"459","ENSMUSG00000090608","2.30617861415214"
"460","ENSMUSG00000090665","3.01648746878392"
"461","ENSMUSG00000090675","2.63095384698602"
"462","ENSMUSG00000090709","2.0697930187248"
"463","ENSMUSG00000090796","2.66471423430624"
"464","ENSMUSG00000090949","2.26111567607044"
"465","ENSMUSG00000091383","8.65949031461822"
"466","ENSMUSG00000091472","2.74089275736117"
"467","ENSMUSG00000091553","3.26250784531975"
"468","ENSMUSG00000091617","4.42948717702927"
"469","ENSMUSG00000091694","3.5283742392226"
"470","ENSMUSG00000091733","2.99799808989246"
"471","ENSMUSG00000092261","2.71342573110433"
"472","ENSMUSG00000092390","2.7061745380467"
"473","ENSMUSG00000092454","2.33116986058767"
"474","ENSMUSG00000092544","2.30708457729331"
"475","ENSMUSG00000092591","2.33846364144997"
"476","ENSMUSG00000092609","2.30704511288974"
"477","ENSMUSG00000092727","2.28837646309404"
"478","ENSMUSG00000092868","2.72239696605202"
"479","ENSMUSG00000093105","2.28839632706942"
"480","ENSMUSG00000093107","2.30711845564059"
"481","ENSMUSG00000093482","3.04715334827069"
"482","ENSMUSG00000093505","5.86532485468401"
"483","ENSMUSG00000093807","2.33117874696259"
"484","ENSMUSG00000093826","2.62658967754408"
"485","ENSMUSG00000093838","3.22736404840384"
"486","ENSMUSG00000093858","3.33632215786671"
"487","ENSMUSG00000093862","2.34310835241709"
"488","ENSMUSG00000093894","2.12688463452923"
"489","ENSMUSG00000093898","3.03284929130874"
"490","ENSMUSG00000093906","3.2604024384279"
"491","ENSMUSG00000093921","2.03198843752528"
"492","ENSMUSG00000093942","2.70131986311793"
"493","ENSMUSG00000094006","5.13485592247785"
"494","ENSMUSG00000094051","3.51624906205903"
"495","ENSMUSG00000094066","4.6936387817244"
"496","ENSMUSG00000094087","2.92466694412226"
"497","ENSMUSG00000094102","5.48564749778049"
"498","ENSMUSG00000094134","4.87993736672236"
"499","ENSMUSG00000094164","2.02327878953999"
"500","ENSMUSG00000094185","2.25031041472299"
"501","ENSMUSG00000094198","2.22523064214368"
"502","ENSMUSG00000094319","3.5435288039298"
"503","ENSMUSG00000094322","5.9116883903308"
"504","ENSMUSG00000094347","2.33578639385463"
"505","ENSMUSG00000094420","2.4775073379647"
"506","ENSMUSG00000094433","3.59298845831315"
"507","ENSMUSG00000094491","2.69685688998712"
"508","ENSMUSG00000094499","4.79098417900877"
"509","ENSMUSG00000094509","2.3218248539094"
"510","ENSMUSG00000094559","3.5230811940123"
"511","ENSMUSG00000094626","2.29643601596874"
"512","ENSMUSG00000094652","2.95498283175925"
"513","ENSMUSG00000094694","3.94357733734022"
"514","ENSMUSG00000094737","3.66247461802954"
"515","ENSMUSG00000094747","2.17565615184991"
"516","ENSMUSG00000094784","2.15851234415583"
"517","ENSMUSG00000094797","2.49313354599614"
"518","ENSMUSG00000094826","4.62573501635881"
"519","ENSMUSG00000094862","3.16853739279168"
"520","ENSMUSG00000094872","2.37891961685316"
"521","ENSMUSG00000094902","3.26250784531975"
"522","ENSMUSG00000094925","2.72238796775824"
"523","ENSMUSG00000094930","3.4495570832212"
"524","ENSMUSG00000094951","4.10287357791901"
"525","ENSMUSG00000094989","2.69382348689128"
"526","ENSMUSG00000094992","2.27890099165522"
"527","ENSMUSG00000095054","4.53921886442717"
"528","ENSMUSG00000095061","2.30463325222892"
"529","ENSMUSG00000095134","7.35116401298657"
"530","ENSMUSG00000095170","4.72796064497867"
"531","ENSMUSG00000095178","3.0276450106602"
"532","ENSMUSG00000095204","2.17689673798047"
"533","ENSMUSG00000095210","4.70986342239951"
"534","ENSMUSG00000095285","3.44032608027992"
"535","ENSMUSG00000095318","2.50169729819292"
"536","ENSMUSG00000095416","3.15181591525604"
"537","ENSMUSG00000095429","5.0842272503842"
"538","ENSMUSG00000095442","4.62392752131579"
"539","ENSMUSG00000095457","4.07873933068663"
"540","ENSMUSG00000095497","5.00228690417876"
"541","ENSMUSG00000095519","2.75584753633735"
"542","ENSMUSG00000095526","3.83223104646535"
"543","ENSMUSG00000095571","4.58526003674672"
"544","ENSMUSG00000095583","3.53627638986131"
"545","ENSMUSG00000095612","2.72796041118351"
"546","ENSMUSG00000095633","4.68699733053437"
"547","ENSMUSG00000095642","3.74170395536764"
"548","ENSMUSG00000095753","2.26344803113549"
"549","ENSMUSG00000095771","2.56858053394716"
"550","ENSMUSG00000095794","2.50832755632286"
"551","ENSMUSG00000095859","5.8110114843168"
"552","ENSMUSG00000095863","6.96954726137885"
"553","ENSMUSG00000095866","4.94170542794097"
"554","ENSMUSG00000095923","3.72219557519144"
"555","ENSMUSG00000095940","3.04640569652623"
"556","ENSMUSG00000096078","2.65467091789044"
"557","ENSMUSG00000096173","2.35365313860252"
"558","ENSMUSG00000096263","2.30700496014634"
"559","ENSMUSG00000096461","6.5194950559387"
"560","ENSMUSG00000096464","4.23383312676239"
"561","ENSMUSG00000096488","5.55549578180599"
"562","ENSMUSG00000096490","2.84220443391785"
"563","ENSMUSG00000096498","2.70629414726293"
"564","ENSMUSG00000096499","5.19129564092351"
"565","ENSMUSG00000096515","4.52674679591039"
"566","ENSMUSG00000096580","4.14448547696262"
"567","ENSMUSG00000096638","4.06586693204231"
"568","ENSMUSG00000096715","2.08823735299323"
"569","ENSMUSG00000096805","2.72651165122173"
"570","ENSMUSG00000096808","2.06970793679964"
"571","ENSMUSG00000096825","2.30710957425111"
"572","ENSMUSG00000096833","2.42408917494716"
"573","ENSMUSG00000096965","2.1612192281609"
"574","ENSMUSG00000097074","2.2776713582089"
"575","ENSMUSG00000097149","2.78556261645131"
"576","ENSMUSG00000097163","2.60573225246457"
"577","ENSMUSG00000097248","2.05227250500635"
"578","ENSMUSG00000097295","2.34564237395762"
"579","ENSMUSG00000097339","3.72287850128003"
"580","ENSMUSG00000097363","2.15087882709318"
"581","ENSMUSG00000097421","3.73824099445366"
"582","ENSMUSG00000097584","2.0064247964589"
"583","ENSMUSG00000097622","2.09927885473523"
"584","ENSMUSG00000097639","2.32135942062061"
"585","ENSMUSG00000097644","6.98571874982789"
"586","ENSMUSG00000097735","2.55534233315715"
"587","ENSMUSG00000097755","2.70826975405602"
"588","ENSMUSG00000097792","2.68692587406561"
"589","ENSMUSG00000097919","2.72237901171029"
"590","ENSMUSG00000097999","2.31508385089361"
"591","ENSMUSG00000098033","2.14466555402503"
"592","ENSMUSG00000098035","2.18400872498633"
"593","ENSMUSG00000098085","2.28898877861527"
"594","ENSMUSG00000098090","2.31659566407101"
"595","ENSMUSG00000098156","3.24026657264559"
"596","ENSMUSG00000098164","2.55170142877561"
"597","ENSMUSG00000098198","3.05022632552478"
"598","ENSMUSG00000098223","3.04236488452672"
"599","ENSMUSG00000098322","2.7064025360038"
"600","ENSMUSG00000098534","2.28838530517547"
"601","ENSMUSG00000098589","2.06976584482041"
"602","ENSMUSG00000098814","2.88237368455085"
"603","ENSMUSG00000098925","2.54435439898349"
"604","ENSMUSG00000098998","2.30401321213399"
"605","ENSMUSG00000099179","2.66810233826087"
"606","ENSMUSG00000099250","7.94801696490698"
"607","ENSMUSG00000099398","2.15598833494901"
"608","ENSMUSG00000099762","4.71650434998725"
"609","ENSMUSG00000099842","2.30462430593334"
"610","ENSMUSG00000099870","2.31517517935077"
"611","ENSMUSG00000100134","2.31144795785122"
"612","ENSMUSG00000100257","2.25186759029082"
"613","ENSMUSG00000100277","2.30710644245909"
"614","ENSMUSG00000100431","2.32161692767573"
"615","ENSMUSG00000100510","2.06964037657961"
"616","ENSMUSG00000100600","3.28325641535635"
"617","ENSMUSG00000101376","2.71410309848543"
"618","ENSMUSG00000101400","3.51353515363931"
"619","ENSMUSG00000101476","2.27772507570088"
"620","ENSMUSG00000101545","2.25380553209845"
"621","ENSMUSG00000101583","2.56173912561488"
"622","ENSMUSG00000101741","2.2776713582089"
"623","ENSMUSG00000101768","3.0417816424518"
"624","ENSMUSG00000101823","2.66481460779957"
"625","ENSMUSG00000102051","3.45093362980503"
"626","ENSMUSG00000102175","2.2502918268795"
"627","ENSMUSG00000102246","2.28890921632265"
"628","ENSMUSG00000102281","4.80917682118508"
"629","ENSMUSG00000102313","4.39638380902358"
"630","ENSMUSG00000102315","2.71955645737857"
"631","ENSMUSG00000102349","3.29781396184391"
"632","ENSMUSG00000102364","5.44458541789202"
"633","ENSMUSG00000102524","4.21267022224223"
"634","ENSMUSG00000102601","3.272856954273"
"635","ENSMUSG00000102654","4.44066103400919"
"636","ENSMUSG00000102656","4.76411627510391"
"637","ENSMUSG00000102678","2.99746885405061"
"638","ENSMUSG00000102687","2.29641800068819"
"639","ENSMUSG00000102700","2.99950430981339"
"640","ENSMUSG00000102705","2.09731527699854"
"641","ENSMUSG00000102765","3.91830713858097"
"642","ENSMUSG00000102770","2.2776713582089"
"643","ENSMUSG00000102806","2.67898061219533"
"644","ENSMUSG00000102874","2.26944154455968"
"645","ENSMUSG00000102882","2.66425600651456"
"646","ENSMUSG00000102887","3.04183806934383"
"647","ENSMUSG00000102901","5.53813722184291"
"648","ENSMUSG00000102942","4.12131650537536"
"649","ENSMUSG00000102952","6.09526833642883"
"650","ENSMUSG00000102999","2.8173927196337"
"651","ENSMUSG00000103092","3.30758527016677"
"652","ENSMUSG00000103271","8.20629169002494"
"653","ENSMUSG00000103286","2.25030152272133"
"654","ENSMUSG00000103290","4.83620230774619"
"655","ENSMUSG00000103297","4.19140675788435"
"656","ENSMUSG00000103378","2.28837646309404"
"657","ENSMUSG00000103398","2.3069449710884"
"658","ENSMUSG00000103406","3.71023407001881"
"659","ENSMUSG00000103415","2.27890411300241"
"660","ENSMUSG00000103422","2.07917288537096"
"661","ENSMUSG00000103445","2.02684597022672"
"662","ENSMUSG00000103467","2.53486079068032"
"663","ENSMUSG00000103473","2.55173179329303"
"664","ENSMUSG00000103527","2.30672831627303"
"665","ENSMUSG00000103616","2.29652785070106"
"666","ENSMUSG00000103783","2.06515038364336"
"667","ENSMUSG00000103865","2.44875115503295"
"668","ENSMUSG00000103873","4.01053569000588"
"669","ENSMUSG00000103926","3.06431293546229"
"670","ENSMUSG00000103986","2.30699663787045"
"671","ENSMUSG00000104060","2.26943841276391"
"672","ENSMUSG00000104065","2.27873010656053"
"673","ENSMUSG00000104097","2.27768017430444"
"674","ENSMUSG00000104121","2.05565957449268"
"675","ENSMUSG00000104309","3.30858328262084"
"676","ENSMUSG00000104422","6.03059266473327"
"677","ENSMUSG00000104452","2.93199130984362"
"678","ENSMUSG00000104454","2.47693029867482"
"679","ENSMUSG00000104498","2.66504715520245"
"680","ENSMUSG00000104664","2.03534282379873"
"681","ENSMUSG00000104769","5.41633295286353"
"682","ENSMUSG00000104841","2.33682073124747"
"683","ENSMUSG00000105103","2.30711845564059"
"684","ENSMUSG00000105300","2.04206513996157"
"685","ENSMUSG00000105377","2.5596600761969"
"686","ENSMUSG00000105453","2.56154005212003"
"687","ENSMUSG00000105502","2.27890411300241"
"688","ENSMUSG00000105547","2.56272137749696"
"689","ENSMUSG00000105605","5.03589351665111"
"690","ENSMUSG00000105606","2.60964599265408"
"691","ENSMUSG00000105646","2.0255487376562"
"692","ENSMUSG00000105706","4.33917488071214"
"693","ENSMUSG00000105757","5.89660223704383"
"694","ENSMUSG00000105785","2.92866700844371"
"695","ENSMUSG00000105827","2.72239696605202"
"696","ENSMUSG00000105906","2.32858253416117"
"697","ENSMUSG00000105918","3.30760883880622"
"698","ENSMUSG00000105940","4.33467515366542"
"699","ENSMUSG00000105943","2.28838530517547"
"700","ENSMUSG00000105986","2.31853900096557"
"701","ENSMUSG00000106086","2.68989294684266"
"702","ENSMUSG00000106115","2.05435701188944"
"703","ENSMUSG00000106147","2.32588821237623"
"704","ENSMUSG00000106178","2.17097498609014"
"705","ENSMUSG00000106206","2.09146403262712"
"706","ENSMUSG00000106227","2.30409946491812"
"707","ENSMUSG00000106247","3.31449821416367"
"708","ENSMUSG00000106303","2.2700766959157"
"709","ENSMUSG00000106339","2.73899279531165"
"710","ENSMUSG00000106345","3.29124995753347"
"711","ENSMUSG00000106352","4.2853670713072"
"712","ENSMUSG00000106357","2.30711845564059"
"713","ENSMUSG00000106387","3.84203868214645"
"714","ENSMUSG00000106392","2.30463325222892"
"715","ENSMUSG00000106484","2.04170634483645"
"716","ENSMUSG00000106495","2.07365143069138"
"717","ENSMUSG00000106553","2.36382663889135"
"718","ENSMUSG00000106556","2.30710957425111"
"719","ENSMUSG00000106599","3.53817495525493"
"720","ENSMUSG00000106601","4.79303744628203"
"721","ENSMUSG00000106630","4.98352771683922"
"722","ENSMUSG00000106743","2.33120559863914"
"723","ENSMUSG00000106813","2.25030152272133"
"724","ENSMUSG00000106837","2.30451831202253"
"725","ENSMUSG00000106873","2.32300250703385"
"726","ENSMUSG00000106948","2.0465915377177"
"727","ENSMUSG00000106980","2.04894987656692"
"728","ENSMUSG00000107090","2.73662214504695"
"729","ENSMUSG00000107211","2.33117874696259"
"730","ENSMUSG00000107216","3.44741403169397"
"731","ENSMUSG00000107257","3.86343479871694"
"732","ENSMUSG00000107405","2.05601317637364"
"733","ENSMUSG00000107432","2.33095952811302"
"734","ENSMUSG00000107495","2.55795902047274"
"735","ENSMUSG00000107603","3.29236795511217"
"736","ENSMUSG00000107604","2.48582730259271"
"737","ENSMUSG00000107704","2.30711845564059"
"738","ENSMUSG00000107743","2.32205907716254"
"739","ENSMUSG00000107747","2.89595461935222"
"740","ENSMUSG00000107751","3.00969726512744"
"741","ENSMUSG00000107761","2.2972663778875"
"742","ENSMUSG00000107768","2.72570973629494"
"743","ENSMUSG00000107870","3.0378637485043"
"744","ENSMUSG00000107873","2.27768017430444"
"745","ENSMUSG00000107947","2.72213161539211"
"746","ENSMUSG00000108053","2.31197406812469"
"747","ENSMUSG00000108148","2.28838530517547"
"748","ENSMUSG00000108176","2.32634900014181"
"749","ENSMUSG00000108219","2.28901059748862"
"750","ENSMUSG00000108298","2.73474923212948"
"751","ENSMUSG00000108331","2.31517517935077"
"752","ENSMUSG00000108370","2.30710050130196"
"753","ENSMUSG00000108405","2.31541599048511"
"754","ENSMUSG00000108413","3.34000770480687"
"755","ENSMUSG00000108441","2.3184609673309"
"756","ENSMUSG00000108472","3.73145455575702"
"757","ENSMUSG00000108496","2.73483629630486"
"758","ENSMUSG00000108506","3.01977481203561"
"759","ENSMUSG00000108589","4.07818993595256"
"760","ENSMUSG00000108596","2.77935196529977"
"761","ENSMUSG00000108608","5.76987409059548"
"762","ENSMUSG00000108615","3.30018050610646"
"763","ENSMUSG00000108640","2.5650802927593"
"764","ENSMUSG00000108750","2.32161692767573"
"765","ENSMUSG00000108782","2.33116986058767"
"766","ENSMUSG00000108793","4.72296332976093"
"767","ENSMUSG00000108826","2.30503738764104"
"768","ENSMUSG00000108852","5.53034515945287"
"769","ENSMUSG00000108857","2.7142858470838"
"770","ENSMUSG00000108866","7.04689270066916"
"771","ENSMUSG00000108875","2.02620889433202"
"772","ENSMUSG00000108942","2.29649282904775"
"773","ENSMUSG00000108969","3.18041191924657"
"774","ENSMUSG00000108994","2.28838530517547"
"775","ENSMUSG00000109034","2.31517517935077"
"776","ENSMUSG00000109055","2.29646012531861"
"777","ENSMUSG00000109136","2.56386674885498"
"778","ENSMUSG00000109446","2.7142858470838"
"779","ENSMUSG00000109460","2.29652785070106"
"780","ENSMUSG00000109461","2.31516616737009"
"781","ENSMUSG00000109509","3.53007333498212"
"782","ENSMUSG00000109570","2.08317814880991"
"783","ENSMUSG00000109609","2.33775764994883"
"784","ENSMUSG00000109675","3.6633218096785"
"785","ENSMUSG00000109731","3.19358345707774"
"786","ENSMUSG00000109761","2.32318617971883"
"787","ENSMUSG00000109834","7.99863428847353"
"788","ENSMUSG00000109897","2.68544885146586"
"789","ENSMUSG00000109899","3.04611215756724"
"790","ENSMUSG00000109940","2.57163297355142"
"791","ENSMUSG00000110045","2.69988760652458"
"792","ENSMUSG00000110365","4.42721847817814"
"793","ENSMUSG00000110439","2.30711845564059"
"794","ENSMUSG00000110501","2.73455534923486"
"795","ENSMUSG00000110562","2.3031848985512"
"796","ENSMUSG00000110569","5.7414078070022"
"797","ENSMUSG00000110644","3.48262819481874"
"798","ENSMUSG00000110648","2.26943841276391"
"799","ENSMUSG00000110677","2.29652785070106"
"800","ENSMUSG00000110716","2.31516616737009"
"801","ENSMUSG00000110790","2.27365895182666"
"802","ENSMUSG00000110902","2.34651112904758"
"803","ENSMUSG00000110998","2.30463325222892"
"804","ENSMUSG00000111122","2.08204346657164"
"805","ENSMUSG00000111165","2.25380553209845"
"806","ENSMUSG00000111189","2.34843038851945"
"807","ENSMUSG00000111271","2.29629437081562"
"808","ENSMUSG00000111361","2.54909087902236"
"809","ENSMUSG00000111389","3.65276594744142"
"810","ENSMUSG00000111448","2.31369128156093"
"811","ENSMUSG00000111546","2.66423805217283"
"812","ENSMUSG00000111617","2.27410057550224"
"813","ENSMUSG00000111685","2.70132327755669"
"814","ENSMUSG00000111707","4.42075646093721"
"815","ENSMUSG00000111770","2.0948764004548"
"816","ENSMUSG00000111792","3.65133830556351"
"817","ENSMUSG00000111962","3.62519246688093"
"818","ENSMUSG00000112010","2.30711845564059"
"819","ENSMUSG00000112061","4.16655536828554"
"820","ENSMUSG00000112154","3.04705838288059"
"821","ENSMUSG00000112276","2.08684681419223"
"822","ENSMUSG00000112428","4.852261730378"
"823","ENSMUSG00000112523","2.71350880713312"
"824","ENSMUSG00000112647","2.31897680053246"
"825","ENSMUSG00000112662","2.72543032436299"
"826","ENSMUSG00000112676","2.30389631264229"
"827","ENSMUSG00000112737","3.21439774289632"
"828","ENSMUSG00000112788","2.29649282904775"
"829","ENSMUSG00000112820","3.04183806934383"
"830","ENSMUSG00000112849","2.33116672879565"
"831","ENSMUSG00000113030","2.22878045069329"
"832","ENSMUSG00000113076","2.28839240589532"
"833","ENSMUSG00000113273","2.66424890340098"
"834","ENSMUSG00000113392","2.73453971746993"
"835","ENSMUSG00000113690","4.02484617804768"
"836","ENSMUSG00000113749","2.28879510078748"
"837","ENSMUSG00000113766","2.30710957425111"
"838","ENSMUSG00000113862","2.0909604461491"
"839","ENSMUSG00000113931","2.30704841246594"
"840","ENSMUSG00000114102","2.66625665595215"
"841","ENSMUSG00000114152","2.30462430593334"
"842","ENSMUSG00000114194","2.66471423430624"
"843","ENSMUSG00000114217","3.26110554428277"
"844","ENSMUSG00000114274","2.73927988757068"
"845","ENSMUSG00000114317","2.26944154455968"
"846","ENSMUSG00000114380","3.32108349599567"
"847","ENSMUSG00000114432","5.83892490085683"
"848","ENSMUSG00000114446","2.07585425127642"
"849","ENSMUSG00000114608","2.08109318480208"
"850","ENSMUSG00000114610","3.18397359196544"
"851","ENSMUSG00000114619","2.71838201081044"
"852","ENSMUSG00000114656","2.26944154455968"
"853","ENSMUSG00000114665","2.0945897418676"
"854","ENSMUSG00000114714","2.75734533731477"
"855","ENSMUSG00000114759","5.24654103066077"
"856","ENSMUSG00000114807","4.15188476576807"
"857","ENSMUSG00000114812","3.2832670817181"
"858","ENSMUSG00000114918","2.29648237473959"
"859","ENSMUSG00000114923","2.48028677722619"
"860","ENSMUSG00000114940","4.55607609891698"
"861","ENSMUSG00000114986","2.30711845564059"
"862","ENSMUSG00000115009","2.52012335301289"
"863","ENSMUSG00000115141","2.04125218770485"
"864","ENSMUSG00000115160","2.74701088834358"
"865","ENSMUSG00000115167","2.08270792325172"
"866","ENSMUSG00000115223","2.31516303557433"
"867","ENSMUSG00000115230","3.01959496640394"
"868","ENSMUSG00000115420","2.91184741574599"
"869","ENSMUSG00000115548","2.54205348527604"
"870","ENSMUSG00000115577","3.24806912561559"
"871","ENSMUSG00000115645","2.32319527606888"
"872","ENSMUSG00000115794","2.26944154455968"
"873","ENSMUSG00000115811","2.71383968643569"
"874","ENSMUSG00000115829","3.87601274990028"
"875","ENSMUSG00000115843","3.05896559101499"
"876","ENSMUSG00000115854","3.30051356723254"
"877","ENSMUSG00000115923","3.52349137029969"
"878","ENSMUSG00000115944","2.29642326222828"
"879","ENSMUSG00000116033","2.52841577826456"
"880","ENSMUSG00000116079","2.28838530517547"
"881","ENSMUSG00000116090","3.2910913963518"
"882","ENSMUSG00000116187","2.30710644245909"
"883","ENSMUSG00000116347","3.67779552212472"
"884","ENSMUSG00000116433","2.44583551464807"
"885","ENSMUSG00000116461","10.0749495298"
"886","ENSMUSG00000116542","2.69396797339875"
"887","ENSMUSG00000116550","3.08923329149841"
"888","ENSMUSG00000116580","2.30710050130196"
"889","ENSMUSG00000116637","3.84162780486316"
"890","ENSMUSG00000116702","2.30205321827563"
"891","ENSMUSG00000116762","2.72817268902226"
"892","ENSMUSG00000116793","2.29652785070106"
"893","ENSMUSG00000116829","2.75225956647581"
"894","ENSMUSG00000116924","2.53482927046337"
"895","ENSMUSG00000116933","2.66734222861571"
"896","ENSMUSG00000116987","3.02195231155983"
"897","ENSMUSG00000116988","3.61818249173935"
"898","ENSMUSG00000117007","2.31516616737009"
"899","ENSMUSG00000117063","3.06943128891048"
"900","ENSMUSG00000117286","3.71633524710365"
"901","ENSMUSG00000117289","3.51719454467978"
"902","ENSMUSG00000117450","2.38162428810176"
"903","ENSMUSG00000117468","2.72636697792225"
"904","ENSMUSG00000117486","3.03149986597796"
"905","ENSMUSG00000117611","2.08204076624355"
"906","ENSMUSG00000117695","2.26945034181535"
"907","ENSMUSG00000117740","3.03192599965118"
"908","ENSMUSG00000117771","2.33116286746105"
"909","ENSMUSG00000117813","4.84061604553152"
"910","ENSMUSG00000117872","4.29407157456243"
"911","ENSMUSG00000117986","2.33117874696259"
"912","ENSMUSG00000117988","2.27768017430444"
"913","ENSMUSG00000118093","2.30709559783802"
"914","ENSMUSG00000118167","2.30462117413758"
"915","ENSMUSG00000118234","2.0242900856255"
"916","ENSMUSG00000118283","2.67939466056369"
"917","ENSMUSG00000118370","2.46325958996945"
"918","ENSMUSG00000118471","3.04447352266856"
"919","ENSMUSG00000118491","2.3069314946741"
"920","ENSMUSG00000118495","2.32319527606888"
"921","ENSMUSG00000118528","2.30711845564059"
"922","ENSMUSG00000118640","2.74701088834358"
