"","baseMean","log2FoldChange","lfcSE","pvalue","padj"
"ENSSSCG00000000002",183.128764758827,-2.04281439382996,0.450018899980701,4.55135071250184e-07,5.10003214269882e-05
"ENSSSCG00000000028",54.8347402536332,-2.04547738714385,0.767647790299132,0.00047205573175464,0.0104497477348349
"ENSSSCG00000000179",160.63431556736,-1.1734160912284,0.418238969554719,0.000530576055756985,0.0113381664523307
"ENSSSCG00000000214",773.876001832333,-1.281724041992,0.415162811830211,0.00020192583222951,0.00567699198058899
"ENSSSCG00000000257",40.3636987335211,-2.06777205767228,0.6391606213789,8.17786920619234e-05,0.00295729854175837
"ENSSSCG00000000265",121.710980703408,-1.07694837310804,0.487398575163512,0.00279495004170752,0.0354257580871677
"ENSSSCG00000000659",10.7691554991226,-2.76503180273827,1.54608949711696,0.0028176160650355,0.0355480810372032
"ENSSSCG00000000683",189.490879463889,-1.107191765133,0.467282474915817,0.00186121643512009,0.0268199165240232
"ENSSSCG00000000693",623.025154448891,-1.15771059185127,0.390836538998833,0.000342713941343659,0.0081996041344962
"ENSSSCG00000000700",100.699422012146,-1.41122071108135,0.414924764937046,6.10958702107577e-05,0.00235785263670804
"ENSSSCG00000000723",419.718646324069,-1.0357189077858,0.342323763263682,0.000327398873388611,0.00798440315552226
"ENSSSCG00000000728",125.963126455108,-1.01503450026068,0.355172994717119,0.000560879300398011,0.0117567498487189
"ENSSSCG00000000811",196.684647924147,-1.3306366727465,0.33050812396771,5.96754230411231e-06,0.000379459594364511
"ENSSSCG00000001001",131.022794475173,-1.05515806445415,0.459650202062002,0.00237539129348935,0.0318484246869563
"ENSSSCG00000001204",55.4767492566081,-1.3962152210084,0.526780957219524,0.000659647473308086,0.0130523178406552
"ENSSSCG00000001207",181.430764397622,-1.06368684374625,0.355453698455947,0.000347793314450405,0.00828973020820217
"ENSSSCG00000001247",22.8101518664174,-1.84937871284643,0.739893869570615,0.00074149624335377,0.0142068880842372
"ENSSSCG00000001248",9.05116717883239,-3.26611164123053,1.43841552623032,0.00104866796360335,0.0180483281038328
"ENSSSCG00000001384",577.548455781013,-1.06449390682519,0.316471972474692,0.000101841557241822,0.00348968475257736
"ENSSSCG00000001392",129.095903312681,-1.59901308168094,0.376010423641774,1.91211968025589e-06,0.000157533720961603
"ENSSSCG00000001420",2022.3881953091,-1.11326324584077,0.323046845755043,7.9579612378311e-05,0.00291121664155773
"ENSSSCG00000001509",728.698089497514,-1.33838572816815,0.432700103089543,0.000188997955589585,0.00537529621098511
"ENSSSCG00000001561",30.9246807554817,-1.29197930161711,0.712360753620512,0.00467303447694104,0.0496631129016016
"ENSSSCG00000001572",78.0665530668853,-1.66148341870417,0.677163256266236,0.000926414049492297,0.0166079657746732
"ENSSSCG00000001720",868.768630729722,-1.64616480709048,0.300616600146481,4.19510619526814e-09,1.05990756392181e-06
"ENSSSCG00000001837",313.084958461267,-1.21282323866026,0.428338177550415,0.000474761330756055,0.0104973774288174
"ENSSSCG00000001958",223.45544941462,-1.00235459199387,0.3344937857779,0.000375263739252001,0.00873765710885653
"ENSSSCG00000001992",435.555743471093,-1.53428726741696,0.295468636581014,2.04954505659272e-08,4.13157758269951e-06
"ENSSSCG00000002026",347.641032723155,-1.17224360547534,0.366163041715314,0.000155391006431194,0.00466640916143376
"ENSSSCG00000002142",539.012995191463,-1.67627705070791,0.397877976818288,2.25804155474396e-06,0.000176808386036542
"ENSSSCG00000002423",10.3703632069566,-2.63767716196423,1.61718915405681,0.00322691332394074,0.0387741157738447
"ENSSSCG00000002660",559.072476571837,-1.13974674432143,0.319280797770772,4.40682497288559e-05,0.00178811405591454
"ENSSSCG00000002708",324.475392491939,-1.10797108318171,0.325438644262434,8.32463182397208e-05,0.00298756531122058
"ENSSSCG00000002768",239.072845658123,-1.79069324607009,0.416447225131459,1.45127528366107e-06,0.000128505679206045
"ENSSSCG00000002779",43.8815013319271,-1.78284558551975,0.668397140395741,0.000497565198352698,0.0108132848740307
"ENSSSCG00000002786",704.208662093585,-1.37111737491042,0.416325103589982,9.48506745461824e-05,0.00328578689575066
"ENSSSCG00000002913",1779.87372860322,-1.34892098405279,0.384887780312468,4.76929525905159e-05,0.00189462003907271
"ENSSSCG00000002917",140.502251415425,-1.73170114798637,0.339898696126669,3.11578276815315e-08,5.90409676737341e-06
"ENSSSCG00000002923",234.862838289609,-1.15146352953358,0.38418955677644,0.000304903647816973,0.00754258384136268
"ENSSSCG00000002932",505.427114859933,-1.48507792469583,0.447706393586704,8.066992489869e-05,0.00293964309020246
"ENSSSCG00000002955",364.759266202715,-1.21999713245236,0.41436882401718,0.000335137127040298,0.00806562240757858
"ENSSSCG00000002998",819.193276163828,-1.21947106968586,0.314698968495388,1.23952464116987e-05,0.000669582746026092
"ENSSSCG00000003063",113.387152662256,-1.41258056987125,0.454061437318819,0.000166388644007661,0.00491105672165291
"ENSSSCG00000003108",92.1184072235925,-1.55312733813656,0.596347614969364,0.000666381234146656,0.0130852414568342
"ENSSSCG00000003146",208.513505415159,-1.35753615358782,0.481826083332165,0.000430346346449388,0.00970633494001684
"ENSSSCG00000003148",325.637231409951,-1.11657165955113,0.470335459062447,0.00178846014023068,0.0260688701517163
"ENSSSCG00000003473",63.0961583585046,-1.05309927716406,0.473875783041521,0.00281124450432489,0.0355480810372032
"ENSSSCG00000003541",94.5882887355346,-1.11837157521886,0.439875808461211,0.00117648999486628,0.0195727031718359
"ENSSSCG00000003573",188.20062369403,-1.34598343964648,0.374644792273826,3.28463370127158e-05,0.00142753495425218
"ENSSSCG00000003732",74.9027320227843,-1.64345787526316,0.777126349418146,0.00206711351838024,0.0288862345573651
"ENSSSCG00000003888",194.919845780564,-1.50302313768932,0.402603016706443,1.71899468222508e-05,0.000857190269302183
"ENSSSCG00000003918",130.146600383927,-1.50140026389868,0.348824610505798,1.59757295925378e-06,0.000138864266077522
"ENSSSCG00000003919",789.927039144009,-1.3623143815545,0.476466312757501,0.000380883275115126,0.00881407459549044
"ENSSSCG00000003949",620.618190910233,-1.08761767261271,0.394210639833547,0.000682561376291438,0.0132927600404383
"ENSSSCG00000003965",417.386993851201,-1.24235270551191,0.306028942453172,5.64879149759287e-06,0.000366571746876327
"ENSSSCG00000004001",7.7583420533085,-7.8089935406043,3.01997752263978,5.73751854198615e-06,0.000371058835672681
"ENSSSCG00000004215",128.871616604072,-1.32464376144431,0.500213685243683,0.000710815100790201,0.0137441176988505
"ENSSSCG00000004300",93.4997565393573,-1.10360310099485,0.398731386529578,0.000646111112309803,0.0129582352926179
"ENSSSCG00000004330",17.9459914991678,-2.93972434284547,0.849511117909696,3.4503861198411e-05,0.00147587734954557
"ENSSSCG00000004391",27.3316760747684,-1.35215854707561,0.724713209711102,0.00405539088063403,0.0450945064685116
"ENSSSCG00000004469",148.006298408315,-1.22163861600001,0.43769279126724,0.000523694150261261,0.0112383697092872
"ENSSSCG00000004548",46.4389169192639,-2.90040783278046,0.670688149013817,1.09445084182962e-06,0.000101660534322693
"ENSSSCG00000004602",98.7333015518329,-1.00339267174056,0.475274030666469,0.00392073212786619,0.0441330445282098
"ENSSSCG00000004644",19.8983529137562,-2.1967746814779,0.848102262130927,0.000568045092046725,0.0118806693699706
"ENSSSCG00000004675",47.9271676506841,-1.46895319789347,0.60147564192756,0.00106815838549615,0.0183670900605867
"ENSSSCG00000004701",124.247726148403,-1.59424474917368,0.364600131497776,1.10957587243492e-06,0.000102562698569606
"ENSSSCG00000004708",383.089024127209,-1.12929026416121,0.380459930582742,0.00034634786519677,0.008265674682133
"ENSSSCG00000004736",37.5197937718107,-1.09364420626356,0.56286818987247,0.0046896041618474,0.0497210853439157
"ENSSSCG00000004761",234.991165358606,-1.39598619673316,0.376742142515895,2.06545608606497e-05,0.00099364110188902
"ENSSSCG00000004946",343.450195146795,-1.24350431951119,0.398283811481817,0.000187684221490283,0.00535216391995572
"ENSSSCG00000005067",732.173923906226,-1.80648401182886,0.355875214589559,3.57375711922702e-08,6.44944034783169e-06
"ENSSSCG00000005075",44.2564835066648,-2.33509369757708,0.593812761519746,6.22912299741515e-06,0.000393452172260066
"ENSSSCG00000005112",69.0486981749294,-1.32081925257683,0.629668226737958,0.0027122099167784,0.0347729813917803
"ENSSSCG00000005277",72.0361264934583,-1.37090062693317,0.554724870635027,0.00107977260500117,0.0185175296866902
"ENSSSCG00000005314",206.880844176513,-2.08353112958985,0.352081388959725,2.83569258213815e-10,1.22121678952127e-07
"ENSSSCG00000005324",32.4558063444281,-2.07668161431555,0.823212591354387,0.000694590520591136,0.0134854464904523
"ENSSSCG00000005393",51.1316950251594,-1.17786347456726,0.492174277746422,0.00159046423087315,0.0240332589400441
"ENSSSCG00000005484",625.481548316228,-1.19200227346291,0.482644881060994,0.0013103043361286,0.0211670561511516
"ENSSSCG00000005486",2769.16122482504,-1.27084357727045,0.343907796246912,2.25334565849354e-05,0.00104910680301705
"ENSSSCG00000005511",198.969417344084,-1.43566614542218,0.375392976359264,1.25722663216939e-05,0.000674877831529117
"ENSSSCG00000005896",287.079213626687,-1.22580732124045,0.390875188292456,0.000181217248548497,0.00522661437251975
"ENSSSCG00000006096",419.44463889204,-1.468470218472,0.27766096416526,1.27714943516357e-08,2.81403542405982e-06
"ENSSSCG00000006262",15.6769771669937,-3.04918427786266,1.07104004852003,0.000246273141657099,0.00653589602417418
"ENSSSCG00000006285",214.240467348507,-1.73892990543034,0.359173443345826,1.16364978974052e-07,1.70930231517776e-05
"ENSSSCG00000006362",280.979498443183,-1.07140949625108,0.48545625358095,0.00281682868093871,0.0355480810372032
"ENSSSCG00000006396",581.57639087948,-1.00792907468452,0.496081801769628,0.00461517398030906,0.0492138051507464
"ENSSSCG00000006526",43.6645193339315,-1.60177458449848,0.71792811976873,0.00161983743028794,0.0243251383496048
"ENSSSCG00000006590",26.141369101709,-2.34876052235496,0.966180897241634,0.000826849319176231,0.0153614486794071
"ENSSSCG00000006614",36.2504255665967,-3.60485433873981,0.803212626681039,4.90238418980347e-07,5.3388090811831e-05
"ENSSSCG00000006635",381.357797436995,-1.13835755668402,0.378626681015185,0.000303339823593615,0.00753340277493502
"ENSSSCG00000006685",46.205474245097,-2.41583380532019,0.74952856195103,8.22076627972335e-05,0.00296714857589481
"ENSSSCG00000006731",27.0568946038101,-2.79500997892651,0.804955439955829,3.33796358119518e-05,0.00144079890432955
"ENSSSCG00000006732",470.824417451566,-1.05449282229525,0.335380681762921,0.000217537479382235,0.00599145014071798
"ENSSSCG00000006750",20.9829408655515,-2.39106921015772,1.01520700162404,0.000883681233697072,0.0161135478142048
"ENSSSCG00000006779",341.445240217179,-1.16618391247856,0.322990868871094,3.64364567474585e-05,0.00154114825649016
"ENSSSCG00000006791",48.2826007750014,-1.8259311077971,0.597060491515247,0.00015360578610446,0.00464921914230829
"ENSSSCG00000006852",28.4811346949746,-1.34511344731157,0.738946316925115,0.00440211534169989,0.0477753056184829
"ENSSSCG00000006897",222.048675512614,-1.91150801162416,0.349260849684161,3.80115169460513e-09,9.95313338035389e-07
"ENSSSCG00000007033",84.4062198458422,-2.20925290053818,0.442656495976652,4.90532057735749e-08,8.37395672255379e-06
"ENSSSCG00000007047",228.327360614153,-1.21177445871975,0.393595436268034,0.000220549135868619,0.00604079346175224
"ENSSSCG00000007089",521.674423641903,-1.45577944335273,0.336774492093174,1.53384990472483e-06,0.000133939732002907
"ENSSSCG00000007149",155.734198258239,-2.10499427623,0.391598956067362,6.24524733412377e-09,1.47926489667889e-06
"ENSSSCG00000007212",80.212902170902,-1.18329166332112,0.440700791283375,0.000729246798338654,0.0140147034297355
"ENSSSCG00000007235",516.054984422761,-1.10146675849918,0.415177752801824,0.000918047144442572,0.0165371099154521
"ENSSSCG00000007428",150.597597616195,-1.16158613428587,0.598195518912142,0.00439081166303989,0.0477412665515649
"ENSSSCG00000007498",5.7167056284007,-4.01831008597411,1.80176567849467,0.0010956399645783,0.0187207228934123
"ENSSSCG00000007603",90.3013001517344,-1.69137465922229,0.629902881642594,0.000508000633757152,0.0109636719921005
"ENSSSCG00000007618",807.468533920818,-1.2251400863466,0.337547023139707,3.21151650233376e-05,0.00140868116210005
"ENSSSCG00000007800",35.4351446648543,-1.54136381859592,0.758825251161377,0.0025345457660839,0.0333672743932307
"ENSSSCG00000007850",176.29244485081,-1.21688945049597,0.444988398783659,0.000621233836957458,0.0126757387785929
"ENSSSCG00000007855",390.974608398049,-1.62302391696159,0.355666123493219,4.6622066721179e-07,5.1362880366257e-05
"ENSSSCG00000007939",1834.94026430627,-1.02210331136874,0.364770787913482,0.000660636133763689,0.0130523178406552
"ENSSSCG00000007954",85.9355762983354,-1.20290775801261,0.610367167670252,0.00392128646022494,0.0441330445282098
"ENSSSCG00000007958",244.758309660741,-1.06953414991217,0.460423387480803,0.00220294040879208,0.0302337740031088
"ENSSSCG00000007979",1400.04181049509,-1.70048598740306,0.338851044355905,4.81968924065538e-08,8.30257194737989e-06
"ENSSSCG00000008006",50.2534183541113,-1.26072367385577,0.678417715642382,0.00449893751268204,0.0483278724080567
"ENSSSCG00000008010",254.476169620377,-1.23234437897969,0.386023711847419,0.000150316613835023,0.00457934005717019
"ENSSSCG00000008105",650.550619726079,-1.02297854591367,0.311598578601794,0.000142867290943849,0.00443802015753278
"ENSSSCG00000008117",178.950037939065,-1.17327014704574,0.513711858117351,0.00209689948186514,0.0291882556505194
"ENSSSCG00000008135",395.473010530226,-1.15098847376137,0.402381341407639,0.000456554605278503,0.0101421491388304
"ENSSSCG00000008180",2463.35406292465,-1.03741850161009,0.332788202809665,0.000237139464877198,0.00635008506458823
"ENSSSCG00000008347",52.1179469550422,-1.57658222551569,0.528701415075407,0.000218141377964465,0.00599731878648503
"ENSSSCG00000008584",126.128282560318,-2.11078955023963,0.455577543786298,2.86105824288712e-07,3.52040211977066e-05
"ENSSSCG00000008589",88.063922876979,-2.17113061577771,0.534727566504387,3.74084354873192e-06,0.000260607516194563
"ENSSSCG00000008613",51.817490720723,-2.08090314512844,0.562299688839646,1.50639214570788e-05,0.000765271441528651
"ENSSSCG00000008682",2338.78033690284,-1.1109228317317,0.351760553982246,0.000209565879801882,0.00583122445868703
"ENSSSCG00000008694",415.10779410634,-1.72356613294713,0.381912433640207,5.67018643220928e-07,5.90353641230405e-05
"ENSSSCG00000008745",732.814810362811,-1.01749478150348,0.377114863670729,0.000895911023157888,0.0162611283312441
"ENSSSCG00000008747",370.902543993585,-1.29938875968161,0.529227004544626,0.00121391150789317,0.0200116266425901
"ENSSSCG00000008850",346.50566653724,-1.26408304514105,0.353223882574753,3.7222456069131e-05,0.00156499553885599
"ENSSSCG00000008948",23.4207014042262,-2.09255287653621,0.972128210712707,0.00156820678283336,0.0238108576345428
"ENSSSCG00000009120",107.218288649937,-1.65006070063895,0.47599780740182,4.3362221440741e-05,0.00177466681226912
"ENSSSCG00000009144",43.4409997487843,-1.54934448240057,0.686939157585749,0.00158367299519944,0.0239688654840529
"ENSSSCG00000009180",481.047723752054,-1.39402428059952,0.289615120696159,1.58811557944497e-07,2.13426965353921e-05
"ENSSSCG00000009236",142.769985694388,-1.47697986202852,0.401941095710986,2.19623905387106e-05,0.00103781879879807
"ENSSSCG00000009388",44.2716116313411,-3.99646416983362,0.597557055101961,1.68657617613988e-12,1.59794659808373e-09
"ENSSSCG00000009396",540.538008380705,-1.12042175015593,0.3017212293047,2.55864139637634e-05,0.00115989702918505
"ENSSSCG00000009649",81.0610014071338,-1.21498422111631,0.627139609225355,0.00415616895481939,0.0459214259620249
"ENSSSCG00000009670",79.5684510730649,-1.1276719678257,0.462520085218826,0.00151569968757441,0.0233694006345382
"ENSSSCG00000009708",162.626900371659,-2.61706635012322,1.28875123074637,0.00178613190988721,0.0260688701517163
"ENSSSCG00000009798",17.0025818035898,-2.85225737083764,0.922674619801203,0.000125558115921549,0.00406700980956826
"ENSSSCG00000009881",559.742227235322,-1.16580301526148,0.306079286459412,1.70665933414302e-05,0.000853284636482221
"ENSSSCG00000009954",61.2541181119372,-1.99110257887171,0.654593541175666,0.000154536025131834,0.00465548988906698
"ENSSSCG00000010056",852.063735280105,-1.06378226122752,0.313416890856481,9.16471535426846e-05,0.00318646222473455
"ENSSSCG00000010477",59.49555451509,-1.41840306548237,0.626070233456741,0.00168717557498977,0.0250747372317499
"ENSSSCG00000010519",961.275785288575,-1.14648127804548,0.265760502667681,2.07798533400782e-06,0.000168272410658607
"ENSSSCG00000010520",1253.12511243723,-1.20501673454379,0.29081746638293,4.12808473173979e-06,0.000282393781883528
"ENSSSCG00000010691",173.527871999155,-1.04443290938085,0.403604440647642,0.00115089147658341,0.0193775831575479
"ENSSSCG00000010799",502.355012251321,-1.2767157586691,0.306781120563667,3.56260948563463e-06,0.000252838528626556
"ENSSSCG00000010800",78.7419505647064,-1.81748150156879,0.508679961560756,2.75594571651814e-05,0.00123166074014864
"ENSSSCG00000010896",235.994496323958,-1.36120119906201,0.476713191340243,0.00038522737654816,0.00886959120074252
"ENSSSCG00000010971",83.5660164477111,-3.67165380672699,0.517982759566657,1.0962096437576e-13,2.30800850439587e-10
"ENSSSCG00000011190",254.07680754424,-1.24212980123307,0.291091488680249,2.29841431148228e-06,0.000179209018825951
"ENSSSCG00000011324",27.8681502920817,-1.92637055378839,0.755454253551578,0.000656850342624283,0.0130347739972859
"ENSSSCG00000011395",1403.75001444072,-1.15804740434456,0.414029847298749,0.000557865741751688,0.0117455532671697
"ENSSSCG00000011432",238.529779532537,-1.36586427084233,0.465713484014437,0.000302763827260583,0.00752896556792754
"ENSSSCG00000011582",114.16616718411,-1.31177607164357,0.470854239016869,0.000485335885645938,0.0106196647772574
"ENSSSCG00000011610",435.144601363921,-1.04010803982263,0.400218845497441,0.00113819292643679,0.0192740105121097
"ENSSSCG00000011765",118.878738392792,-1.30468981578125,0.369257068109153,4.22928415451389e-05,0.00174598486805847
"ENSSSCG00000011782",303.238738537258,-1.22829945637396,0.562321784230177,0.00247393919437473,0.032791729250852
"ENSSSCG00000011855",227.676602816526,-2.11798659454838,0.468835416091985,4.93319075070384e-07,5.34165894486212e-05
"ENSSSCG00000011892",45.9169762003261,-1.68710837292304,0.489677101424474,4.39733026336563e-05,0.0017880903682514
"ENSSSCG00000012122",157.171044560329,-1.55976180366979,0.379473435171955,3.64513312634323e-06,0.00025577829666326
"ENSSSCG00000012264",506.821449259959,-1.27725268212725,0.334233019804906,1.44874730703164e-05,0.000745934700143629
"ENSSSCG00000012284",314.957846166336,-1.47808156033518,0.332206801946008,8.49532728697735e-07,8.20594658183842e-05
"ENSSSCG00000012307",132.979211022203,-1.17792963855584,0.400245048455014,0.00035190176099752,0.00834566516788736
"ENSSSCG00000012319",150.117442742824,-3.46564157288342,0.530079540247437,5.12892329907393e-12,4.04949864975633e-09
"ENSSSCG00000012508",341.18432779619,-1.3302051071715,0.325827674129786,4.78707888746852e-06,0.00031698938211571
"ENSSSCG00000012510",526.896108810551,-1.15728052342212,0.380224737319906,0.000264313442624012,0.00687977393445385
"ENSSSCG00000012676",134.005978278417,-2.13863570675875,0.629021535270425,4.67609297850088e-05,0.00187330414058379
"ENSSSCG00000012790",147.739204258326,-1.20626267515616,0.519515390696362,0.00183995674218578,0.026635095727791
"ENSSSCG00000012917",328.706278461903,-1.68467110186661,0.431237140961233,8.01843343992694e-06,0.000480826883712581
"ENSSSCG00000012964",11.8168412894903,-6.4767865985385,1.62627209594827,2.75222586173595e-07,3.47679519026897e-05
"ENSSSCG00000012975",82.7901804844465,-1.13600493264525,0.470741576232839,0.00159203935613789,0.0240378914417983
"ENSSSCG00000012993",319.946453204508,-1.08972035070018,0.438399738217897,0.00142768006082319,0.0225067466493666
"ENSSSCG00000012994",19.5260628685304,-1.93084388224157,0.828610994833855,0.00109236373211101,0.0186928021714308
"ENSSSCG00000013057",231.74937791044,-4.00275471737845,0.961615555920851,2.37105203090493e-06,0.000181165584409748
"ENSSSCG00000013440",47.8398257577108,-1.35711068849671,0.730424863003593,0.00410776148968512,0.0454661054135767
"ENSSSCG00000013497",228.30973406411,-1.3415213412945,0.420559014635768,0.000136150935657339,0.00429271893472697
"ENSSSCG00000013569",1325.34283345277,-1.14808480583561,0.321116952522215,4.27485371093173e-05,0.00176096093409664
"ENSSSCG00000013575",14.7245159028938,-1.78229550564895,0.922898128654434,0.00272172546807113,0.0348472810097837
"ENSSSCG00000013625",1925.2562173538,-1.02716686027917,0.345784960636985,0.000381420717098642,0.00881407459549044
"ENSSSCG00000013737",521.369801527423,-1.21972692348095,0.316588709673729,1.35298139932307e-05,0.000706271199332588
"ENSSSCG00000013839",59.2656489217608,-1.69795399948201,0.871668480241566,0.00275730565765485,0.0351181211715667
"ENSSSCG00000013859",83.3139499709904,-1.67232589512325,0.514691229283692,9.09368093762417e-05,0.00316757647218824
"ENSSSCG00000014028",826.3824698577,-1.21278181255502,0.269288501779745,8.02856043668418e-07,7.84191709869735e-05
"ENSSSCG00000014048",421.15995064832,-1.04973822246626,0.490391758645952,0.0034273309933657,0.0402133095933663
"ENSSSCG00000014062",257.533762886562,-1.07233963831511,0.38428603052145,0.000632620568222,0.0128621535914578
"ENSSSCG00000014126",89.9360904005804,-1.11146722805487,0.480305863523548,0.00205847618424223,0.0287895745088538
"ENSSSCG00000014324",35.0424749687405,-1.77238923230799,0.676617532024543,0.000575524011779821,0.0120105776423082
"ENSSSCG00000014813",50.3177522814536,-1.40501776504638,0.565635614418508,0.00100907324887315,0.0175905510514235
"ENSSSCG00000014830",160.440819707627,-1.5679648119882,0.32381774914794,1.22137693550523e-07,1.76670775197622e-05
"ENSSSCG00000014834",13.3124088719714,-4.94819380114074,1.1609603919435,2.03304989007796e-06,0.000166771698558819
"ENSSSCG00000014860",97.9219428491653,-1.20228069003779,0.455946095751735,0.000820066449298708,0.0152947235706311
"ENSSSCG00000014884",264.310438204363,-1.28403739026771,0.37407574828706,6.21975210567938e-05,0.00239548948476664
"ENSSSCG00000014927",227.85843386046,-1.04959559938641,0.45628025076055,0.00238714665200091,0.0319449448508229
"ENSSSCG00000014929",12.020214513582,-6.62795811801981,1.58880539677889,1.03782909256813e-07,1.56273477765895e-05
"ENSSSCG00000014959",41.6929729580295,-1.34974579884048,0.53732973197243,0.000989491363489832,0.0173770823417691
"ENSSSCG00000015019",658.5412553718,-1.33526691459375,0.350043806983763,1.42383910963783e-05,0.000736090899688652
"ENSSSCG00000015039",19.6813087944583,-3.18059999338875,1.14983743184535,0.000330301401746109,0.00799764670052941
"ENSSSCG00000015266",506.688774476394,-1.08516244724907,0.378606381570395,0.000498749853813016,0.0108132848740307
"ENSSSCG00000015512",434.430770415338,-1.37549214584401,0.48060163653086,0.000375347136345412,0.00873765710885653
"ENSSSCG00000015549",209.942416719439,-1.49460770519769,0.32893652545063,5.41945485781329e-07,5.73424495490405e-05
"ENSSSCG00000015613",505.864556745606,-1.09456608643264,0.353797571426167,0.000242945258788476,0.00648390099828569
"ENSSSCG00000015718",62.7516723140997,-1.78107399918826,0.470306905476905,1.21810465931913e-05,0.000663271988202248
"ENSSSCG00000015930",6.3068492960398,-7.25844880516123,3.09630178467535,7.39417458210581e-05,0.00274729831679065
"ENSSSCG00000015951",223.323167002715,-1.1986055548573,0.414797837591341,0.00040784394383189,0.00933361701892571
"ENSSSCG00000015985",1731.52019830713,-1.64333025545146,0.353686321912305,3.14123183730352e-07,3.69709329720897e-05
"ENSSSCG00000016020",85.2572178549362,-1.88290927347983,0.561166363073425,5.81763655124594e-05,0.00225898350429425
"ENSSSCG00000016256",65.7808926223407,-2.51942739014883,0.53794714020084,2.09342646987812e-07,2.69852640664765e-05
"ENSSSCG00000016298",183.711674237515,-1.17857246767096,0.482047385242544,0.00140949988554805,0.0223316164977006
"ENSSSCG00000016313",116.252948553593,-1.10240568873169,0.524962368136474,0.00345542505038082,0.0404178081973248
"ENSSSCG00000016557",37.5166000525603,-1.64291743586188,0.749671385092263,0.00173567071788879,0.0255947271854277
"ENSSSCG00000016582",6.43943340166277,-3.76544085785764,1.57265702068653,0.000936290410566829,0.016712496838823
"ENSSSCG00000016619",118.885638111737,-1.17099980466075,0.419970894578154,0.000555869951762053,0.0117165514081637
"ENSSSCG00000016674",193.140985462111,-1.08132512851768,0.351880070435637,0.000262714916657653,0.00685700407127529
"ENSSSCG00000016742",99.082685890348,-1.87863018432268,0.510293523954613,1.76521505419458e-05,0.000871069272446174
"ENSSSCG00000016943",779.13783126787,-1.4004102067136,0.325091159793199,1.70994158800812e-06,0.000144650371210562
"ENSSSCG00000017120",295.277461823096,-1.54761370273304,0.565965297957902,0.000478650975587537,0.0105430610781449
"ENSSSCG00000017143",306.268417226857,-1.09851344726485,0.462025100409612,0.00184932786298429,0.0267095378625681
"ENSSSCG00000017398",750.80583991997,-1.20058447032231,0.337679297753419,4.34950240989901e-05,0.00177626554235294
"ENSSSCG00000017464",7.60881936093683,-3.53158420851273,1.49804923564238,0.000857851459145341,0.015799155034329
"ENSSSCG00000017471",60.6126121977304,-1.19622121198585,0.501696396733144,0.00158668034503874,0.0239952161677088
"ENSSSCG00000017539",2007.07098109432,-1.4013686205743,0.34350198624408,4.59662943244649e-06,0.000307779261891974
"ENSSSCG00000017563",74.3016354241809,-1.03926212336737,0.476673517134219,0.00317443581855414,0.0384360283231836
"ENSSSCG00000017723",80.426915577032,-1.67882453034107,0.501412310365125,6.28814659433867e-05,0.00241279622324603
"ENSSSCG00000017758",231.668053882643,-1.14640498538293,0.518751637638365,0.00257130478800434,0.0336721868886623
"ENSSSCG00000017781",97.5489270268427,-7.12070955983246,1.48391025221376,1.38900995951503e-07,1.97897366337221e-05
"ENSSSCG00000017794",88.6911280134194,-1.16865529904701,0.576592133012205,0.00364219353149485,0.0419804897982336
"ENSSSCG00000017893",233.703839446358,-1.07176932730755,0.488978554719733,0.00296793228227376,0.0367335870072568
"ENSSSCG00000017915",278.903989608389,-1.65793991644202,0.438080401552655,1.32080710817831e-05,0.00069329567570279
"ENSSSCG00000018007",119.235879161849,-1.87958336057334,0.55450041551807,5.14377291711655e-05,0.00201799902704848
"ENSSSCG00000018009",235.12089246195,-1.27869663395016,0.430615993958629,0.000294408048122591,0.00737928320618383
"ENSSSCG00000018029",189.395456168487,-1.5855987466551,0.37888260235473,2.59459597494211e-06,0.000195876490554494
"ENSSSCG00000018061",3800.73076574137,-1.44479440662731,0.336755614505677,1.79425075084151e-06,0.000149776464659452
"ENSSSCG00000018065",72731.6566172594,-1.4786382277126,0.422831436474972,4.01329203226875e-05,0.00166771646314606
"ENSSSCG00000018075",769888.069787048,-1.57324471190227,0.366422436396442,1.6276609063208e-06,0.000140833545725447
"ENSSSCG00000018078",344666.092488974,-1.46484656649148,0.378729002275496,1.04318087007075e-05,0.000592060379054782
"ENSSSCG00000018081",419385.163780312,-1.14174299111787,0.36456518602839,0.000201013764914331,0.0056597471491258
"ENSSSCG00000018082",432208.775215057,-1.50547420495552,0.351330185928282,1.75466411334768e-06,0.000147773912372556
"ENSSSCG00000018084",34593.9785036277,-1.07470649348986,0.345736548021423,0.00023726108109813,0.00635008506458823
"ENSSSCG00000018086",10039.9808905595,-1.39353522717457,0.558100332669989,0.00100132363510873,0.0174876327757376
"ENSSSCG00000018087",331289.090696387,-1.10816887383158,0.430575823448067,0.00109751088199473,0.0187357961287551
"ENSSSCG00000018092",39841.1021251878,-1.11527904599362,0.376801727949396,0.000359940352723128,0.00845168493649386
"ENSSSCG00000018094",258918.913898657,-1.19617621141077,0.388154473116318,0.000222370264308229,0.00606596490242386
"ENSSSCG00000020665",339.994382784427,-1.31290389334296,0.334602719954743,9.31733463343868e-06,0.000541577220763894
"ENSSSCG00000020678",555.228369847539,-1.33415054392294,0.393924591279133,7.07486305973158e-05,0.00266524016140862
"ENSSSCG00000020988",66.4528163175606,-2.33115013900519,0.461811429795719,3.50790365541154e-08,6.44944034783169e-06
"ENSSSCG00000021041",1014.06088584361,-2.17003996039582,0.38751596416721,1.82708910950627e-09,5.32638639015911e-07
"ENSSSCG00000021138",525.449867868618,-2.14347458418617,0.364009232523907,3.30575819815544e-10,1.39201804659661e-07
"ENSSSCG00000021383",34.7704690406057,-2.7618031261947,0.559285647710018,5.78650390221214e-08,9.6182861792121e-06
"ENSSSCG00000021439",235.79956679815,-1.0795950095647,0.363403572571486,0.000364434851888974,0.00852552593635084
"ENSSSCG00000021651",79.2252796101266,-1.32442375634555,0.558153622702392,0.00143780643304083,0.0225724888978381
"ENSSSCG00000021702",85.0488299155654,-1.62313313324416,0.464266363224119,3.88498590992894e-05,0.00162151096932254
"ENSSSCG00000021971",559.022418698059,-1.90885992255755,0.530159550957167,2.472500041822e-05,0.00113716998282731
"ENSSSCG00000022011",206.579275069799,-1.44657454178819,0.374412661021036,1.07063559559866e-05,0.000603793866101162
"ENSSSCG00000022161",1479.02969655235,-1.33104077170643,0.325570046611214,4.65145593275661e-06,0.00031035365658382
"ENSSSCG00000022462",73.7758315439651,-1.56550440171234,0.501816154386928,0.000144750483768869,0.0044818250276737
"ENSSSCG00000022643",78.6464683895228,-1.99000990894694,0.417526402236141,1.51244516910596e-07,2.07676257314411e-05
"ENSSSCG00000022675",16.1749657990417,-3.14333897810992,1.42570186636353,0.00119096268263643,0.019744139871634
"ENSSSCG00000022866",2419.09461797992,-1.07479910939113,0.346412061773476,0.000245417587538244,0.00653148576722216
"ENSSSCG00000022999",194.356009302369,-1.84580910881377,0.354792075541635,1.7053622965226e-08,3.55108902822053e-06
"ENSSSCG00000023054",331.495867812907,-1.1357815390834,0.551580154654155,0.0035954470710542,0.0415427600911013
"ENSSSCG00000023084",27.8307233573332,-1.42262695029971,0.729994363110329,0.00324526050479898,0.0389205324717949
"ENSSSCG00000023121",380.375389466401,-1.35303082078799,0.417818666326786,0.000115557339579546,0.00386872089698377
"ENSSSCG00000023279",65.5156463853175,-1.41623691236595,0.695745973851241,0.00278947256722622,0.0353799971060038
"ENSSSCG00000023783",527.060827303215,-1.19177247198047,0.474293420530086,0.00117235522278048,0.0195633187798672
"ENSSSCG00000023955",73.2326996368687,-1.96795248715856,0.509684254620118,8.58105205192889e-06,0.000504976258795033
"ENSSSCG00000023957",59.6813597374582,-1.54888163623436,0.493110872585921,0.000133689646129723,0.00424335863402364
"ENSSSCG00000024024",25.3882180524379,-3.90913662354871,1.04631391211096,1.24318306589079e-05,0.000669582746026092
"ENSSSCG00000024070",191.144528644383,-1.00955253987952,0.399503327628142,0.00143729797084478,0.0225724888978381
"ENSSSCG00000024204",17.5569228952269,-3.20606996461783,0.865648390615825,1.47990542537232e-05,0.000755240871905339
"ENSSSCG00000024311",16.0868034404367,-1.97142181195157,1.13089086927752,0.00349750231620619,0.0408080982373629
"ENSSSCG00000024403",129.373070622484,-1.25875627703863,0.441953096654478,0.000424753424023076,0.00962757491843693
"ENSSSCG00000024428",6.72092616626117,-5.22156272460944,1.90695245928832,0.00012803456518442,0.00412606628516936
"ENSSSCG00000024476",125.762972549981,-2.85785755920678,1.17566351974236,0.00074735947167054,0.014290327576877
"ENSSSCG00000024549",62.9238537373314,-1.47896967766742,0.623747796078427,0.00126735983326414,0.0206316163922012
"ENSSSCG00000024604",226.262726476421,-1.1553852993816,0.460319904241659,0.00122986170793278,0.0201423072632828
"ENSSSCG00000024687",501.944653831648,-1.11543999083587,0.457167910474767,0.0015498303658128,0.0236344415341468
"ENSSSCG00000025303",1216.64203057347,-1.00197893121252,0.395953077509816,0.0014475594015445,0.0226880091810312
"ENSSSCG00000025335",129.240069346172,-1.54240328384628,0.4942950457789,0.000149786740279962,0.00457207024040319
"ENSSSCG00000025523",247.705880788755,-1.22812733477216,0.603245655855612,0.00337820858740357,0.0399316363499315
"ENSSSCG00000025537",364.96064827836,-1.22940471213758,0.323123986243103,1.61966903003093e-05,0.000818429558668162
"ENSSSCG00000025736",165.657860128715,-1.65110411830791,0.391414485014308,2.15407126403096e-06,0.000172144671751413
"ENSSSCG00000025885",338.030920922621,-3.17627562923978,1.03294152623359,0.00012637613814393,0.00408652123155175
"ENSSSCG00000025902",661.886733883694,-1.00218815126538,0.339103591041459,0.000429389810919056,0.00969786356031607
"ENSSSCG00000026113",72.5011793488152,-1.41881926281201,0.488139003206979,0.000312950276184313,0.00770142179664486
"ENSSSCG00000026184",114.326899144785,-2.10670579197341,0.456083773084405,3.05280266723183e-07,3.63821117870289e-05
"ENSSSCG00000026317",119.22645334097,-1.38634441896128,0.500483634795612,0.000484783248376748,0.0106196647772574
"ENSSSCG00000026386",120.034097691975,-1.26246862372821,0.614613501760601,0.00312312077288741,0.0380863195691988
"ENSSSCG00000026478",37.2129430134364,-2.22961708832843,0.98094127202306,0.00116761758228833,0.0195107456497193
"ENSSSCG00000026707",12.5147438406769,-5.69060243306021,1.38740648568321,1.67681339134058e-06,0.000142484022208577
"ENSSSCG00000027052",253.531895113727,-1.2036369300101,0.506697846457954,0.00163342658311606,0.0244484994656131
"ENSSSCG00000027118",601.783975649295,-1.16000333230093,0.381258615323553,0.000264134133592415,0.00687977393445385
"ENSSSCG00000027197",1008.50733688654,-1.10537687990356,0.308795255297776,4.42214304404769e-05,0.00179049548165939
"ENSSSCG00000027300",32.5178643659241,-1.62727778503235,0.845786242108257,0.00296369346112441,0.0367323636099273
"ENSSSCG00000027351",46.1699495794303,-1.33453419638296,0.592301331890378,0.00189963579250462,0.0272080110598413
"ENSSSCG00000027372",396.092467359055,-2.36854799607356,0.406332501384773,4.64518091527207e-10,1.66078364459416e-07
"ENSSSCG00000027478",87.0543676003909,-1.22123079131234,0.529317647529905,0.00186459457979696,0.0268325915973714
"ENSSSCG00000027530",191.67674059122,-1.01168743072072,0.364646155143639,0.000719616469124706,0.0138859597489247
"ENSSSCG00000027617",38.4260595303975,-1.22776223069865,0.650165839265162,0.00445259623803457,0.0480068311737605
"ENSSSCG00000027767",105.22008084364,-1.28939154664756,0.398354353405996,0.000120600311882695,0.00396058112628283
"ENSSSCG00000027826",207.664225862225,-2.29089856744828,0.624006295209214,1.72541011243443e-05,0.000858131134396848
"ENSSSCG00000027849",10.6547034611866,-3.0797470025739,1.22389269843772,0.000649063731741177,0.0129821795979521
"ENSSSCG00000028172",38.3943357817178,-1.85638096055809,0.633922352885222,0.000235667329271935,0.00632529776540211
"ENSSSCG00000028192",44.4639727576154,-1.65683820966813,0.629018935356218,0.000588541035245866,0.0121749607826135
"ENSSSCG00000028284",105.772505019071,-1.68067790638524,0.54799247060383,0.00016542511392974,0.00489140213265039
"ENSSSCG00000028350",68.5324101058097,-3.87649226446041,0.566877114494717,5.93435534191359e-13,7.02813121087004e-10
"ENSSSCG00000028454",386.11552219651,-1.04739857966769,0.397464687265065,0.000998129989676419,0.0174640490991491
"ENSSSCG00000028962",529.799474111003,-1.31965416273222,0.407161001992772,0.000118032952684498,0.00388975029638008
"ENSSSCG00000029029",179.371535049462,-1.04725536151713,0.349875729432161,0.000353544725334649,0.00836369413279185
"ENSSSCG00000029039",189.180837445889,-1.90215189551841,0.398047693905933,1.49503233960717e-07,2.06783706592819e-05
"ENSSSCG00000029170",69.0134030023749,-1.75143408336246,0.730373247673504,0.00103640354128759,0.0179349869441631
"ENSSSCG00000029268",49.5016195957287,-1.48616502896835,0.475333437154648,0.000148457100164236,0.00454464419866621
"ENSSSCG00000029393",302.846884219309,-2.31588974037568,0.338879285238249,7.10747127230443e-13,7.92232194934686e-10
"ENSSSCG00000029414",36.6234738141408,-2.75742697300741,0.82508930450524,5.42377291493595e-05,0.00211907366938395
"ENSSSCG00000029606",272.311837312958,-1.69226532862931,0.464571368053866,2.23476789787545e-05,0.00104302012061187
"ENSSSCG00000029649",1127.52695266706,-1.23699954404356,0.229872706766287,9.12292477534629e-09,2.03376825374161e-06
"ENSSSCG00000029651",57.967486672913,-1.61964426612531,0.587927825824045,0.00042420120639108,0.00962657324539469
"ENSSSCG00000029985",424.649744739058,-1.31687045058976,0.310453473636063,2.42885905932952e-06,0.000184837149860382
"ENSSSCG00000029990",618.404848029027,-2.65315734349273,0.52640541481885,3.57268132614709e-08,6.44944034783169e-06
"ENSSSCG00000030283",226.170340472313,-1.15174900867501,0.377243118069966,0.000257458363912023,0.00675703398582953
"ENSSSCG00000030585",684.282316764342,-2.45162908010337,0.350949351725958,2.44403763979799e-13,4.49740483829548e-10
"ENSSSCG00000030660",230.540674202494,-1.25183580507473,0.406738131457549,0.000207089212398498,0.00578780750109017
"ENSSSCG00000030672",114.643425438046,-1.19630575845393,0.437747382850269,0.000635108812514864,0.0128713121800472
"ENSSSCG00000031235",723.121295126395,-1.36563015471396,0.525316956560791,0.000790272851692545,0.0149599203463757
"ENSSSCG00000031476",62.1315857798979,-1.68558282975528,0.544309783835163,0.000149836699524533,0.00457207024040319
"ENSSSCG00000031514",96.4786521027156,-1.41270572156141,0.440732264583626,0.000121871800166233,0.00398851250664932
"ENSSSCG00000031683",144.381093291208,-1.21794521538569,0.462609617076393,0.000817559678108226,0.0152931276806247
"ENSSSCG00000031793",101.478175773368,-1.09667749382372,0.448149043989509,0.00154934300519579,0.0236344415341468
"ENSSSCG00000031897",12.6099206984333,-1.98284249955105,1.20621692977549,0.00401026691281522,0.0447266319781846
"ENSSSCG00000032016",41.9545133024939,-1.44557678479731,0.49934945581421,0.000308843156535025,0.00761023273495733
"ENSSSCG00000032301",51.0300935959972,-2.41084402606735,0.635371787437756,1.02710438765763e-05,0.000587915282463182
"ENSSSCG00000032352",64.9883837346201,-1.58460645135763,0.586715451020745,0.000512323210996771,0.0110318324149748
"ENSSSCG00000032474",132.379351973479,-1.96984852369149,0.636471534184935,0.000137353366742614,0.00432343678804948
"ENSSSCG00000032585",329.184348968399,-1.54004817625132,0.343145155735933,6.84892254280626e-07,6.96483605937969e-05
"ENSSSCG00000032643",2298.98627290406,-1.91806329610059,0.545286253458174,3.30464354136214e-05,0.00143294486190552
"ENSSSCG00000032855",32.353143983846,-1.6404125507252,0.984918259566343,0.00447256885888091,0.048153810969849
"ENSSSCG00000033051",122.633543991841,-1.13480596185766,0.429413723308013,0.000885228944777415,0.0161135478142048
"ENSSSCG00000033089",79.5924456293185,-1.28017631366149,0.546883483709109,0.00161899530629212,0.0243251383496048
"ENSSSCG00000033106",31.9079759734228,-1.65843272438776,0.876697042188202,0.00310934899034277,0.0380122929148421
"ENSSSCG00000033193",118.982156483989,-1.49835211377002,0.537679789144257,0.000423701209590863,0.00962657324539469
"ENSSSCG00000033258",2319.55144730955,-1.27921573473479,0.301541151763139,2.55563617526485e-06,0.000193706999540375
"ENSSSCG00000033509",812.559299714879,-1.00702926718143,0.393380772149872,0.00132738720557847,0.0213338932642125
"ENSSSCG00000033551",10.4571279348337,-2.46683215945076,1.02396300872949,0.000821412234649364,0.0153047595224885
"ENSSSCG00000033574",38.5433577907171,-2.64248437144735,0.637002806374019,2.36538629718199e-06,0.000181165584409748
"ENSSSCG00000033585",101.529101450964,-1.31747945989027,0.450734004622967,0.000329400214942242,0.00799764670052941
"ENSSSCG00000033766",91.4919980704609,-1.2601229212261,0.457590249780814,0.000560527489371037,0.0117567498487189
"ENSSSCG00000033873",344.577998907836,-1.04601448151913,0.346464174261424,0.000328693862807489,0.00799540437270745
"ENSSSCG00000033909",193.753115062845,-2.22600208697777,0.469568933911842,1.69120751224324e-07,2.25680923588008e-05
"ENSSSCG00000033910",20.1175119057848,-1.84708044800271,1.02319460644941,0.00318960277954732,0.0385225311519194
"ENSSSCG00000033983",292.095791883821,-1.28844052406656,0.402628236719262,0.000137809318901502,0.00432861288478944
"ENSSSCG00000034087",61.7666395973215,-1.6854199196577,0.640160363378958,0.000578677754709528,0.0120366243402753
"ENSSSCG00000034164",67.5690970972632,-4.32637552407308,0.724127212169302,1.80512017624762e-10,8.84814759162438e-08
"ENSSSCG00000034229",126.169283291417,-1.36831990370093,0.389839246781388,4.39660169658973e-05,0.0017880903682514
"ENSSSCG00000034448",207.684606941658,-1.67948065713183,0.424747041917785,6.57410722563534e-06,0.000407100515746941
"ENSSSCG00000034474",518.675932477138,-1.19322974554473,0.365709306432255,0.000122666720962568,0.00399383452838435
"ENSSSCG00000034555",30.4417414501353,-3.81141035526965,0.867170379404746,8.53117038694479e-07,8.20594658183842e-05
"ENSSSCG00000034569",532.643809830738,-1.19867737084184,0.37378866428921,0.00014845821726605,0.00454464419866621
"ENSSSCG00000034750",16.8734412468616,-2.38445955387499,1.12087826508468,0.00152648829968654,0.0234717729234413
"ENSSSCG00000034799",46.9003119991831,-11.2308753344089,3.11928430745453,1.36146684394213e-18,1.28992176129297e-14
"ENSSSCG00000034864",241.208224577295,-1.76363520846087,0.406146151420872,1.20749955207475e-06,0.000110004370251271
"ENSSSCG00000034962",56.7611610605186,-2.12798754933704,0.599799308894473,2.69278974586624e-05,0.0012091391681142
"ENSSSCG00000035059",129.305207169003,-1.76767224789676,0.404750017288063,1.0574649989932e-06,9.87088880094683e-05
"ENSSSCG00000035649",99.2627708999312,-1.54804768759307,0.545167079614779,0.000349160123998131,0.00830594829850599
"ENSSSCG00000035655",25.6142413875283,-2.7008148424611,0.945296923437672,0.000231387609450331,0.0062547272631588
"ENSSSCG00000035912",31.3340686066808,-1.60061640569016,0.708160777544973,0.00147948650564198,0.0230137647546401
"ENSSSCG00000036134",16.7318531210282,-2.80244436280119,1.12410111117178,0.000623956139965442,0.012713274081941
"ENSSSCG00000036656",162.522134189626,-1.29492590402933,0.468910179176632,0.000535089765825115,0.0113745275218969
"ENSSSCG00000036665",289.649297961674,-1.92059260367588,0.401299280244903,1.43082351475932e-07,2.0030151972393e-05
"ENSSSCG00000036709",238.634959820584,-1.51204132956394,0.405752689801465,1.78688223599358e-05,0.000879470947788115
"ENSSSCG00000036736",38.6314019935293,-2.45191122308375,0.639788754065727,8.93628107385391e-06,0.00052102643097987
"ENSSSCG00000036789",235.942997443579,-2.56290921717377,0.433948301430426,2.82269719080692e-10,1.22121678952127e-07
"ENSSSCG00000036792",63.5063363383827,-1.35679579855333,0.686451853176118,0.00332561213352988,0.0395587095532063
"ENSSSCG00000036831",389.742400451995,-1.04950431293474,0.328840842001779,0.000187049661243441,0.00535216391995572
"ENSSSCG00000036871",316.506078810663,-1.04776426917513,0.322099807382187,0.000152033988985199,0.00461681419435985
"ENSSSCG00000036876",729.514121190666,-1.02205623491886,0.320105781387232,0.000193724085439916,0.00549532589072
"ENSSSCG00000036970",494.503569446663,-1.16409042475569,0.339737243309806,7.20638129479596e-05,0.00268364654945763
"ENSSSCG00000037099",19.7653781908525,-1.47716622816397,0.805089513695799,0.00386064183347201,0.0436687216805198
"ENSSSCG00000037120",807.980361453794,-1.04718062634684,0.408885922179721,0.00124795984711874,0.0203682955581852
"ENSSSCG00000037238",87.0112090911881,-1.1468677850485,0.487543757590989,0.00183524929490259,0.026587262147637
"ENSSSCG00000037347",12.8214703831782,-3.16982060518499,1.11048330007889,0.000234382042522468,0.00630867233488387
"ENSSSCG00000037395",188.945107578744,-1.17531088379693,0.48175700409732,0.00143292953922458,0.0225332629367357
"ENSSSCG00000037541",11.0271464752106,-3.39596715023378,1.37176162131961,0.000634400846692646,0.0128707298115406
"ENSSSCG00000037652",14.3855095688139,-2.37998359563481,1.05644112360168,0.00118015601606599,0.0196164704810828
"ENSSSCG00000037808",627.433682777419,-1.26471347650194,0.419544220476097,0.000258987156260008,0.00677838069609239
"ENSSSCG00000037954",24.1829225601879,-1.34197040112904,0.739514642818827,0.00444378177692182,0.0480068311737605
"ENSSSCG00000037997",47.1521553758701,-1.45118420190832,0.548068887109253,0.0006272498953176,0.0127666576437951
"ENSSSCG00000038160",34.943597554051,-3.55274542880911,0.578564361860546,6.43614079732939e-11,3.69571005965438e-08
"ENSSSCG00000038434",52.498651694503,-1.50622759082669,0.521487876165748,0.00030730757075227,0.00758225411221974
"ENSSSCG00000038606",6.04750501626424,-5.07191318304893,1.92810195305439,0.000208016338081801,0.00579893589477796
"ENSSSCG00000038647",22.8418460817692,-4.27677519551132,0.932017008170481,2.92310102256205e-07,3.5506308510595e-05
"ENSSSCG00000039089",258.501004055262,-1.44908614226108,0.379541137231734,1.29186823219987e-05,0.000687629526178521
"ENSSSCG00000039160",681.400405313197,-1.39639332754618,0.36499686751218,1.30045355043856e-05,0.000689613420788451
"ENSSSCG00000039407",15.9665256996556,-2.45915244114567,1.02946867923193,0.000864075270578392,0.0158503023254501
"ENSSSCG00000039416",215.227707892472,-1.22171080418722,0.485758478082253,0.0011311704494344,0.0191916884112876
"ENSSSCG00000039950",248.152005383005,-1.59562757042873,0.3816396031753,2.63597246601797e-06,0.000198210485153074
"ENSSSCG00000040001",232.360234678263,-1.32659509193107,0.508810923326908,0.000792743966846391,0.0149917219838046
"ENSSSCG00000040144",73.0014145837844,-1.23343240860006,0.555736081963806,0.00224033133319868,0.0305201137826666
"ENSSSCG00000040166",727.491772091963,-1.41542925428844,0.427568607921118,8.65060601432113e-05,0.00305821517472707
"ENSSSCG00000040198",71.6219754285713,-2.31564206315882,0.543882281258471,1.50985101623815e-06,0.000132454476419892
"ENSSSCG00000040285",44.0117607985397,-1.63926895920585,0.980396525727417,0.00445345357036693,0.0480068311737605
"ENSSSCG00000040388",422.26430412084,-1.22933969811917,0.410459793180134,0.000284720582197466,0.0072224502169475
"ENSSSCG00000040431",15.7576141513642,-1.84767009153154,1.11659690009609,0.00406051591011758,0.0451012403170094
"ENSSSCG00000040465",18.3569688040112,-1.95342145392333,1.00693330330536,0.00252744408989125,0.0333513496235023
"ENSSSCG00000040763",96.8948031722453,-1.81609600556406,0.460489033034688,6.46036075023215e-06,0.000404017742099502
"ENSSSCG00000040866",208.647196382096,-2.18379867548215,0.685959153045213,9.72826368677612e-05,0.00334556930309838
"ENSSSCG00000041123",2880.8128018972,-1.02319801658596,0.312995685279873,0.000148286704745652,0.00454464419866621
"ENSSSCG00000041198",88.3863077152727,-2.47623018359331,0.519964044851635,1.43759600414029e-07,2.0030151972393e-05
"ENSSSCG00000041209",55.9249744848297,-3.54726543832641,0.600826835995916,2.58555321936804e-10,1.19496702326354e-07
"ENSSSCG00000041401",91.5595437721914,-1.50644981569237,0.692661178718598,0.00195031925752969,0.0276207769887369
"ENSSSCG00000041410",49.0168119262166,-1.53466558557829,0.527479369194102,0.000276808419803644,0.00708263551919741
"ENSSSCG00000041461",13669.2430323264,-1.14406345669817,0.490166008467271,0.00193012230583849,0.0274991635889726
"ENSSSCG00000041588",19.6893183780172,-3.18487643574599,0.768105162426192,2.19011222289971e-06,0.000173641993772914
"ENSSSCG00000041656",30.2081835520449,-1.4210932831378,0.778573090537054,0.00403137728086179,0.0448801543424953
"ENSSSCG00000041710",15.5318941963252,-3.54695071167027,0.934049960773969,9.55795803484155e-06,0.000552176057323819
"ENSSSCG00000042027",17.1660579167007,-1.84915394406091,0.87155829630392,0.00175865063955832,0.0258130681401941
"ENSSSCG00000042114",13.4714146196052,-3.82396428210381,1.0621874026552,1.9646157069843e-05,0.000952110051960242
"ENSSSCG00000042134",362.196629311077,-1.38703337844422,0.308904730618786,7.49179430666094e-07,7.39385470400615e-05
"ENSSSCG00000042142",25.5832912095308,-2.61765025473914,0.821118127909114,8.97864281994318e-05,0.00314484848050098
"ENSSSCG00000042180",10.6063034033219,-2.24163754647144,1.52603413988824,0.00440860281520068,0.0478183255553736
"ENSSSCG00000042390",33.1111136199137,-1.35016598019575,0.704974743982152,0.0036669609288915,0.0422127902572369
"ENSSSCG00000042471",21.2752257438543,-1.80906565981315,0.747175780532183,0.000938307455831433,0.016712496838823
"ENSSSCG00000042496",21.9381415983142,-2.58692067773796,1.07062047338859,0.000757207978678218,0.014400602746692
"ENSSSCG00000042754",28.1758514446108,-3.7494900303861,0.906654821097288,2.30761520890454e-06,0.000179209018825951
"ENSSSCG00000042769",51.4404102110891,-2.10219229116204,0.647734209170748,8.12315062673213e-05,0.00294312774810606
"ENSSSCG00000042849",14.6083709293944,-2.40171631976006,1.12828368940484,0.00161242094416932,0.0242682799611314
"ENSSSCG00000042889",111.404607159132,-2.15703427358109,0.381462345622924,1.24194730296275e-09,3.79575152320018e-07
"ENSSSCG00000042900",27.0745173524961,-2.48919802903035,0.688412263197528,2.00269264984838e-05,0.000968087321989209
"ENSSSCG00000043116",277.741185840426,-1.26172672229296,0.371342835283203,7.20457304456678e-05,0.00268364654945763
"ENSSSCG00000043178",10.0128868875661,-2.90432338441101,1.65654762447974,0.00293333722292289,0.0365199621956626
"ENSSSCG00000043340",5.02015075945357,-4.56143319004749,2.03560159809404,0.00061065582662133,0.012523070626242
"ENSSSCG00000043377",44.7098424002694,-1.77305260116303,0.677095404105771,0.000563339993203226,0.0117952812499535
"ENSSSCG00000043408",5.76143825409469,-3.81200853249472,1.85390767849258,0.00120466141597601,0.0199015947439664
"ENSSSCG00000043666",23.3368447990653,-3.52453074985184,0.993323365884057,2.35931825703659e-05,0.00108775478473446
"ENSSSCG00000043842",42.8803599675831,-1.11012393854795,0.570794474706525,0.00455610054054682,0.0487017799474961
"ENSSSCG00000044028",7.5957466930781,-3.5158897735299,1.45654922871083,0.000928227451364339,0.0166247466690953
"ENSSSCG00000044065",40.4130121951772,-1.29695614052056,0.601039638246301,0.00236686333766717,0.0318129032771785
"ENSSSCG00000044102",18.8389366857174,-2.74390850012527,0.881645593827418,0.00010439130714106,0.00356416374597467
"ENSSSCG00000044205",1035.2771229356,-2.3143551283559,1.04576388892102,0.00130427020041681,0.0211236034424771
"ENSSSCG00000044221",93.8950601086836,-3.24855527151481,0.470461167593015,4.30650377312134e-13,5.57262197534402e-10
"ENSSSCG00000044383",7.63937966931053,-4.03384772308443,1.63717226248381,0.000795098392518815,0.0150212556728206
"ENSSSCG00000044541",492.84772932838,-1.35844482940378,0.283859114753839,1.86310649707148e-07,2.43475896641431e-05
"ENSSSCG00000044922",74.9953624385462,-2.50185637725749,0.486211290566599,2.01803011262384e-08,4.11179060259239e-06
"ENSSSCG00000044995",24.3596303245267,-4.68038840287756,0.849868873745116,4.75715754229557e-09,1.1860970824863e-06
"ENSSSCG00000045079",433.051999352436,-2.26131549813927,0.582016407240315,7.5406374347913e-06,0.000456509708472398
"ENSSSCG00000045084",226.452507766231,-2.04191384195958,0.535252323120401,1.03006952228496e-05,0.000587915282463182
"ENSSSCG00000045175",7.53356758790797,-3.32107193779583,1.63142491183608,0.00162666389591733,0.0244051101850653
"ENSSSCG00000045401",17.3891308830739,-2.08626729171129,1.07127901294565,0.00236996528911507,0.0318267022417621
"ENSSSCG00000045503",12.5415002158613,-3.3936517425526,1.1059105966138,0.000129476474630677,0.00415838935216391
"ENSSSCG00000045604",6.17418721465496,-5.0709896452492,1.91704315365937,0.000178460804945683,0.00516283021819197
"ENSSSCG00000045802",30.5647920878809,-2.89864318430117,1.06095813241627,0.000326434008997067,0.00797528411076191
"ENSSSCG00000046262",19.2714352860046,-1.95913519256361,0.962615777196213,0.00204269043239314,0.0286516804906051
"ENSSSCG00000046512",27.081577350787,-4.33715041557537,1.15412415222584,1.18123595393878e-05,0.000646914453502483
"ENSSSCG00000046523",12.0466800989892,-2.1848861170908,1.13532921304667,0.00244299366620522,0.0324858154252089
"ENSSSCG00000046611",34.6099366606429,-3.45050564793523,0.923483348067095,1.13574287536221e-05,0.000629274612433873
"ENSSSCG00000046701",9.99714998430762,-4.88784446254952,1.3444954639323,3.11054370182443e-05,0.00136775890464699
"ENSSSCG00000046841",77.8631822075329,-2.52965052297083,0.462898476847577,3.77801005596698e-09,9.95313338035389e-07
"ENSSSCG00000047038",8.57471620727578,-2.15213229041907,1.22239468405988,0.00319776404523808,0.0385500076909083
"ENSSSCG00000047090",86.9039653045154,-1.09146072438159,0.48855539638878,0.00258849218331951,0.0338038169412277
"ENSSSCG00000047129",262.02346552548,-1.12900335730184,0.3436576079319,0.000122366729567107,0.00399383452838435
"ENSSSCG00000047438",37.5369254980887,-2.07642486771674,0.685848689896805,0.000160946038627706,0.00479523032383083
"ENSSSCG00000047690",22.141938891193,-2.87474107823492,0.86962595101373,5.83982464692827e-05,0.00226296190663893
"ENSSSCG00000047702",12.9091000872893,-3.43456568531827,1.32778987941496,0.000511634177202647,0.0110295290373299
"ENSSSCG00000047720",125.106285805097,-4.09152855801738,1.50557065505154,0.000337139147580783,0.00809689443283683
"ENSSSCG00000047853",55.1198984845005,-2.36329594584687,0.631228011857015,1.26564001190254e-05,0.00067747493179495
"ENSSSCG00000047925",26.8133693832798,-1.83160747787146,0.881052962301471,0.00193722094430466,0.0275494045792206
"ENSSSCG00000047971",36.2928682215094,-1.58155441285507,0.776477487013226,0.00242542698063848,0.0323204337121137
"ENSSSCG00000048106",13.2204900759421,-4.00829066219469,1.26228689913265,8.01440430649153e-05,0.00292610688253773
"ENSSSCG00000048264",53.750731105203,-1.65901394873862,0.555711907711867,0.000212068961939427,0.00588577519118055
"ENSSSCG00000048279",18.0750938121527,-2.90484978921723,1.20275329009428,0.000726924119895882,0.0139842488811239
"ENSSSCG00000048448",28.0047971824371,-1.43969132199519,0.814779278414395,0.00453870860073088,0.0486447903140551
"ENSSSCG00000048491",10.1859987571935,-3.49711050485525,1.30672823455259,0.000358089420488997,0.00842911357620621
"ENSSSCG00000048678",31.606452481753,-2.50816197689249,0.841023054918225,0.000168683589144976,0.00494796490821696
"ENSSSCG00000048787",103.46890197572,-1.35003959203306,0.629310982719196,0.00237159235660816,0.0318267022417621
"ENSSSCG00000049090",44.7744564142588,-1.58853273904326,0.782768293116517,0.0025244856550421,0.0333355252107267
"ENSSSCG00000049125",93.5702516820445,-1.59287403163042,0.460457006058298,4.47050246734217e-05,0.00180237343092908
"ENSSSCG00000049233",25.8728386342519,-2.08263155464747,0.756962715023788,0.000355702125661923,0.00840146976620674
"ENSSSCG00000049690",19.2784179433615,-1.78971160816769,1.03201373377125,0.00372835842510989,0.042713165500722
"ENSSSCG00000049915",28.0070455753961,-2.22475934374667,1.31548016341706,0.00336023660075593,0.0398455089785508
"ENSSSCG00000049958",22.0421900335271,-2.35069572504817,0.956987646783376,0.000752377841058105,0.0143467666281714
"ENSSSCG00000050176",571.572155956222,-1.57198438743603,0.283852770782005,3.03573133415431e-09,8.21772472155572e-07
"ENSSSCG00000050436",42.5289024565105,-3.16723993333366,0.861694360980618,1.5405912939694e-05,0.000780552524850966
"ENSSSCG00000050552",85.4695053076755,-1.1581162803621,0.460660987086359,0.00121554605866384,0.0200116266425901
"ENSSSCG00000050553",77.4746147723136,-11.7392186450965,3.48452516348845,9.55634261938191e-10,3.06920569990962e-07
"ENSSSCG00000050663",13.6646058404843,-2.6910694675672,0.875792494643831,0.000120539798995779,0.00396058112628283
"ENSSSCG00000051034",9.92092915794679,-2.92112462298849,1.48177103673944,0.0019665817558732,0.0278302895384923
"ENSSSCG00000051057",23.7353753214157,-2.83427291229793,1.01732492133852,0.000306668775355651,0.00757635804982298
"ENSSSCG00000051117",44.8279863940569,-2.4080451882046,0.61651691213289,6.42164752202973e-06,0.00040292648640709
"ENSSSCG00000051194",20.2592223936006,-1.96862150756389,0.819156317685521,0.000933550439650547,0.0166885351706964
"ENSSSCG00000051235",31.9924028259134,-1.60841675447381,0.700658588026371,0.00141326007012584,0.0223724854376061
"ENSSSCG00000051266",38.7805774990334,-2.6393947287152,0.617674279490248,1.29823612362938e-06,0.000116039039182326
"ENSSSCG00000051380",7.41095137216367,-2.64443574009041,1.76483208195216,0.00423423480932521,0.0465070357263428
"ENSSSCG00000051661",39.1677460495798,-4.5179497082781,0.800207621544167,1.55498131311015e-09,4.60395951595692e-07
"ENSSSCG00000051708",11.2019832061609,-3.73454665054181,1.25929577913727,0.0001566394450452,0.00469645703190111
"ENSSSCG00000051861",50.7372434463455,-2.3653338064994,0.564864252261824,2.06684424958191e-06,0.000168272410658607
"ENSSSCG00000051966",8.03222278057159,-3.09763938480264,1.30669419317774,0.000948267492498411,0.0168404130415674
"ENSSSCG00000052081",21.4453263381896,-4.00145327165133,0.906396980900713,8.77449255118747e-07,8.39736663396219e-05
"ENSSSCG00000052306",23.8628729414076,-2.02005671121454,1.00708219411718,0.00216492190966044,0.0297700328491696
"ENSSSCG00000052325",20.8839493718425,-3.59356146190548,0.895729889775665,4.00782093078475e-06,0.0002751601406429
"ENSSSCG00000052366",393.65540896126,-2.64302275108262,0.546974160907104,1.04879852045936e-07,1.56485694206177e-05
"ENSSSCG00000052381",19.7741944718009,-2.58967928925302,0.885607612178519,0.000212147578002867,0.00588577519118055
"ENSSSCG00000052428",24.8141119633593,-4.78859951314104,0.938021834171629,2.549751362435e-08,4.98095242956504e-06
"ENSSSCG00000052553",23.5824383104549,-10.0140256928003,3.04429882986883,1.46324161533292e-12,1.5393455383476e-09
"ENSSSCG00000052569",21.0127529422236,-1.63281074109833,0.833501558318242,0.00274630987206831,0.0350909142048701
"ENSSSCG00000052587",22.075367512092,-5.54237835524695,0.958015348033074,9.11381780960382e-10,2.9775471323135e-07
"ENSSSCG00000052618",1125.56382883935,-1.21247299263666,0.347809260515821,5.77401419371073e-05,0.00224664876707648
"ENSSSCG00000052694",23.7868064173366,-3.34386073866453,0.761688970994914,7.48283400607466e-07,7.39385470400615e-05
"ENSSSCG00000053201",94.5250569909271,-3.49363414026985,0.599119290381496,4.47592455156634e-10,1.66078364459416e-07
"ENSSSCG00000053768",13.5469376146874,-2.3438821488428,1.07106852234131,0.00133256249393111,0.0213989209300852
"ENSSSCG00000054127",60.4555127505053,-1.73423073277588,0.505225061875881,4.62436788174395e-05,0.00185650735150776
"ENSSSCG00000054171",12.916663493395,-1.73573632579205,0.924317597033953,0.00303655682866539,0.0373634515236237
"ENSSSCG00000054211",23.5955208177554,-1.91195316626853,0.99750276537465,0.00263930412398719,0.03423525753096
"ENSSSCG00000054213",27.4860982603551,-1.93254480255629,0.781397927080686,0.00080066411762476,0.0151003066726002
"ENSSSCG00000054216",67.0368543539963,-1.54514359231216,0.459237414631607,6.32594163117009e-05,0.00242162157513216
"ENSSSCG00000054270",73.2688453487669,-2.63213595406365,0.599478873063224,8.19471423147226e-07,7.96316102421374e-05
"ENSSSCG00000054330",12.6069425302323,-4.42881234195263,1.14011692822816,7.12997363410527e-06,0.000435825388363422
"ENSSSCG00000054354",61.3169617023067,-2.95417787026084,0.718886290782121,2.80764928306033e-06,0.000207012242275137
"ENSSSCG00000054487",18.7709688190338,-4.50810866731306,1.1458478040607,7.09718849611775e-06,0.000435225323019208
"ENSSSCG00000054574",21.9003196296129,-1.89735018548506,0.939393338185408,0.00220454861422976,0.0302337740031088
"ENSSSCG00000054608",14.7015075886377,-2.14502940240775,0.951887701334953,0.00123451930069867,0.0201836982130622
"ENSSSCG00000054718",52.5519194890548,-2.11342705618051,0.562797622041626,1.24382883846738e-05,0.000669582746026092
"ENSSSCG00000054846",16.3053422520695,-1.91908578692517,0.870834886208017,0.00149285430444729,0.0231679739680358
"ENSSSCG00000054957",46.9119136517749,-2.56733982675147,0.625874323974007,2.90696599549417e-06,0.000213504258327981
"ENSSSCG00000055332",11.3450210794876,-2.68945233639113,1.06473849097496,0.000587566276838738,0.0121680801965216
"ENSSSCG00000055463",33.4996628276152,-4.22765114007228,0.771836999358886,2.97444327931581e-09,8.16851097097903e-07
"ENSSSCG00000055470",22.9679523293582,-1.57731331258942,0.872604228443531,0.00381279651531153,0.0433145570555384
"ENSSSCG00000055477",61.5414955414131,-1.33053165384415,0.645201953600631,0.00289311077635368,0.0360905570119328
"ENSSSCG00000055478",52.1839202082436,-2.8949401731143,0.586722187446192,6.33980855295278e-08,1.03562958853364e-05
"ENSSSCG00000055498",189.822873370657,-1.26411612927429,0.486596283473904,0.000861713649583688,0.0158222983972493
"ENSSSCG00000055564",75.519556562254,-1.65414506539928,0.648577519235487,0.000738843166830644,0.0141794830354102
"ENSSSCG00000055592",52.774091890563,-4.1795569495176,0.852003704113325,6.71029849869383e-08,1.08678159189529e-05
"ENSSSCG00000055892",210.830105083044,-1.70247090012608,0.465676404114891,2.09512587872772e-05,0.00100507696901295
"ENSSSCG00000056043",27.7815640263923,-2.93071367463468,0.805255971762897,1.75203669829536e-05,0.000866823587362892
"ENSSSCG00000056227",54.7713848504915,-8.20066217117607,1.18075395596845,5.92584766438726e-14,1.60412696274963e-10
"ENSSSCG00000056284",65.5018289925766,-1.68350850517908,0.538802333591898,0.000134074171477677,0.00424421514983517
"ENSSSCG00000056423",25.709418172211,-1.82710018001801,0.981548186266123,0.00301961886316609,0.037214097784549
"ENSSSCG00000056430",79.7021757978413,-1.26856451146353,0.452991470568107,0.000482518513392686,0.0106043633402568
"ENSSSCG00000056493",31.0773853473166,-1.47379602733249,0.867087369783777,0.00472431960714823,0.0499412224825441
"ENSSSCG00000056515",683.499575644167,-1.30084017637524,0.447850035103714,0.000350514150805072,0.00832317373885378
"ENSSSCG00000056704",10.1670290429558,-6.2282297383162,1.66767637046217,1.38581294748686e-06,0.000123285303013749
"ENSSSCG00000056719",147.152758205581,-1.0892842038449,0.435846673444117,0.00136981933729218,0.0217578863268702
"ENSSSCG00000056827",148.59724789713,-1.13576388432636,0.484685982546833,0.00193801025405568,0.0275494045792206
"ENSSSCG00000056836",68.9031080505187,-2.95077698979624,0.705385662674599,2.07559801648836e-06,0.000168272410658607
"ENSSSCG00000056984",14.0672374925929,-2.8184600993132,0.953207987595902,0.000175811968936623,0.00511485852447079
"ENSSSCG00000057139",15.4396947385567,-1.80887585432298,1.10245449604167,0.00416249841969949,0.0459377883255013
"ENSSSCG00000057198",202.431837357264,-2.72627043610569,0.662275558106297,2.78721818410306e-06,0.000206308583478785
"ENSSSCG00000057276",42.4895402829753,-1.88731818950112,0.542007339533349,3.72872610869658e-05,0.00156499553885599
"ENSSSCG00000057646",25.0876270717299,-1.65926868328685,0.95613162015818,0.00403347178721598,0.0448801543424953
"ENSSSCG00000057663",168.18421442629,-1.46092904947274,0.412853939264169,3.70013489869957e-05,0.00156155581727078
"ENSSSCG00000057804",33.8726633320191,-2.56563485572542,0.902919306065204,0.000275698064059209,0.00706928635434094
"ENSSSCG00000057864",7.47648929956937,-2.98203321506166,1.38009136473528,0.00136297866744315,0.0217274144972351
"ENSSSCG00000057886",28.6609128434038,-1.95404174787746,0.711361765888439,0.000377694556022789,0.00877075262509293
"ENSSSCG00000057897",9.81215651700238,-3.33017897357437,1.19467504686418,0.000320546039981798,0.00785773209782029
"ENSSSCG00000057964",6.45041351810831,-5.22281356908486,1.98725855354106,0.000262461152422827,0.00685700407127529
"ENSSSCG00000058070",25.5592152045323,-2.10971342391977,0.768820221701676,0.000369257018347774,0.00861705817816744
"ENSSSCG00000058119",35.0442049499799,-2.02899710159815,0.743388466450958,0.000395426901323396,0.00907957080818086
"ENSSSCG00000058261",10.2446281643743,-5.3326571815767,1.42029524713389,7.38797135298692e-06,0.000450143630764467
"ENSSSCG00000058441",19.0615962063108,-2.12082272408463,1.23379035078829,0.00326979674991868,0.039165220362964
"ENSSSCG00000058499",46.089597705006,-4.04750060445463,0.906970065531987,5.47710578464567e-07,5.73424495490405e-05
"ENSSSCG00000058502",94.2616539154564,-1.61839634477726,0.551546616927587,0.000258643035049965,0.00677838069609239
"ENSSSCG00000058596",952.134512656566,-1.38538013932798,0.515125414539781,0.000606965902546647,0.0124879445031014
"ENSSSCG00000058658",71.0679795477921,-1.02917251418186,0.469249364805386,0.00312876173120558,0.0380863195691988
"ENSSSCG00000058730",166.467731719588,-1.33912772251719,0.516359073685324,0.000815905686257501,0.0152923806616156
"ENSSSCG00000058826",88.9425936719621,-1.4583341368886,0.431823853410382,6.60541622269053e-05,0.00252350870975328
"ENSSSCG00000058834",15.146077545129,-2.15881472711303,1.09402185178794,0.00211096229378007,0.0293044868167316
"ENSSSCG00000058949",150.596090218233,-1.90429959453978,0.463301173944234,3.11276240079796e-06,0.000226860518202771
"ENSSSCG00000058970",41.8137120778392,-3.40838641008497,0.764442223074142,5.72012267454821e-07,5.92298385573847e-05
"ENSSSCG00000059011",41.7055119489307,-1.97078119117115,0.850669541296569,0.00113130592408086,0.0191916884112876
"ENSSSCG00000059019",392.227098609397,-1.20825355688845,0.344367827999591,5.08859141060767e-05,0.0020004920879586
"ENSSSCG00000059061",11.7208331835519,-2.07191940733461,1.12230466232821,0.00282007186970811,0.0355539200659342
"ENSSSCG00000059105",35.6614294083224,-4.17554534906087,0.718164020643042,4.01573047297955e-10,1.5852932652602e-07
"ENSSSCG00000059172",19.6840836806723,-2.03408498802263,0.968957119984029,0.00179042506635336,0.0260774516389929
"ENSSSCG00000059179",112.499555977839,-2.67057399323119,0.752141569152053,2.53813296626564e-05,0.00115375223201598
"ENSSSCG00000059428",9.88024063865725,-3.27104468121531,1.3556746807433,0.000769449052653824,0.0146095091169713
"ENSSSCG00000059446",7.74174488127584,-3.25800081857584,1.31187227137785,0.000720838486926147,0.0138953901208175
"ENSSSCG00000059661",15.7448897361116,-1.58574459822445,0.891559115045662,0.00396723780645237,0.0444823604700982
"ENSSSCG00000059812",8.49661591551039,-3.17849513884699,1.64643521551903,0.00200284137687926,0.0282169823423681
"ENSSSCG00000059817",31.0876956179561,-2.03973108109707,0.825336731410869,0.000752285083007385,0.0143467666281714
"ENSSSCG00000059819",48.7374345574051,-4.30977018918307,0.705798066941515,6.69214730734222e-11,3.7296911566714e-08
"ENSSSCG00000059847",255.125140748444,-1.07345875265054,0.367891696541401,0.000429235949187617,0.00969786356031607
"ENSSSCG00000059925",9.94800451755601,-8.29835648848415,3.03648334503049,9.73798417505821e-07,9.18035134990935e-05
"ENSSSCG00000060162",41.8472575792452,-1.69996534267929,0.692210441693514,0.000911973827231122,0.016473776980174
"ENSSSCG00000060190",185.073434684931,-2.01456726956767,0.415623948211147,1.0391291465778e-07,1.56273477765895e-05
"ENSSSCG00000060360",536.440971679275,-1.02498869292462,0.332652626488674,0.000277913553448907,0.0070877307191162
"ENSSSCG00000060365",81.8342848339045,-1.56274784568524,0.57662383888955,0.000498228378101757,0.0108132848740307
"ENSSSCG00000060561",28.9328470958501,-1.98960257567146,0.647738209001444,0.000141775538549377,0.00441859322363841
"ENSSSCG00000060736",266.195387295186,-1.88996133975029,0.360412298435457,1.36005878694811e-08,2.96227056941147e-06
"ENSSSCG00000060833",1672.19898924618,-1.08735819685628,0.516059016529795,0.00349107324990172,0.0407844309570824
"ENSSSCG00000060939",24.0798069598566,-2.85470136734742,0.821223316199333,3.52663295916876e-05,0.00149607722076896
"ENSSSCG00000060988",38.7203732830506,-2.52454071453493,0.647384287681004,6.72314244796351e-06,0.000414973375395637
"ENSSSCG00000061195",70.5357084095863,-1.0916474274166,0.443928593458091,0.00151024615481053,0.0233422955852404
"ENSSSCG00000061414",201.704444298778,-1.11971016066658,0.327946935667159,7.92141545120725e-05,0.00290897095707221
"ENSSSCG00000061450",6.82179841088555,-7.49241039310621,3.05114133359883,2.51261573673582e-05,0.00115003757476829
"ENSSSCG00000061460",275.999274506262,-2.32514874043137,0.433390784904218,6.6380955613873e-09,1.55290460237936e-06
"ENSSSCG00000061463",71.7025315484719,-1.33940670969715,0.557636978796787,0.00130721304650432,0.0211351365343093
"ENSSSCG00000061606",52.2868113241532,-2.68564802195151,0.876913807851431,0.000130804151370309,0.00418683760864188
"ENSSSCG00000061684",133.462346851077,-3.60029333700986,0.676264756664257,8.3113755156257e-09,1.8749077933999e-06
"ENSSSCG00000061733",183.22575932496,-5.91072951425052,0.564308486637387,1.29837522898767e-26,2.46029122140873e-22
"ENSSSCG00000061763",444.407284062869,-2.48499233851384,0.431119249443345,6.7774261480753e-10,2.33500814690689e-07
"ENSSSCG00000061785",31.3749635097325,-3.02905197361299,0.859523852947604,2.70620654842687e-05,0.00121229096657543
"ENSSSCG00000061896",140.742943782261,-3.58427972180162,0.656590089302597,3.85337965666485e-09,9.95313338035389e-07
"ENSSSCG00000061999",37.3342968002784,-2.80112828497988,0.726746931993376,7.53943023580923e-06,0.000456509708472398
"ENSSSCG00000062012",315.519526880085,-1.75277797796619,0.497846584112294,3.4240076061218e-05,0.00146790769521271
"ENSSSCG00000062018",13.769095842843,-6.68487701992193,1.66298727366121,2.51871322148805e-07,3.20316086134075e-05
"ENSSSCG00000062019",26.0893386395585,-1.46752173657276,0.806310246519802,0.00400614692192653,0.0447069953024652
"ENSSSCG00000062077",48.3642518335837,-5.28852460880455,0.834927309180097,1.79755560426273e-11,1.2164957551848e-08
"ENSSSCG00000062137",34.9545100625033,-3.75138990874852,0.929038562584362,4.36957571102301e-06,0.00029624241789557
"ENSSSCG00000062224",23.1464595662619,-1.91507822577538,0.801562701711462,0.0009873515098961,0.0173555879044723
"ENSSSCG00000062244",1447.59430564713,-2.90944651225816,0.811323009868009,2.28668195630812e-05,0.00105942142763038
"ENSSSCG00000062260",34.5219754707213,-1.35845715466151,0.727798152461185,0.00406690974035554,0.0451184741520132
"ENSSSCG00000062308",31.4817045723159,-2.13700930661742,0.851459964034676,0.000662980571255956,0.0130590632481592
"ENSSSCG00000062325",8.94869938981314,-5.08233164685894,1.48911403852722,3.11100368305901e-05,0.00136775890464699
"ENSSSCG00000062338",18.0858569205253,-1.80044471326254,1.11063457944372,0.00436595190798826,0.0475221728693731
"ENSSSCG00000062603",21.4290390472904,-3.28449582390469,0.92103174015256,2.10294786203918e-05,0.00100628179388334
"ENSSSCG00000062670",166.731805539218,-1.35419332782787,0.4735337220123,0.000381918758161912,0.00881483379830704
"ENSSSCG00000062716",45.8687740183534,-1.98455080072208,0.525412334101632,1.16592412465934e-05,0.000642241169714238
"ENSSSCG00000062741",8.37447206860607,-3.13268249021271,1.49055126828491,0.00156375998368506,0.0237814509878397
"ENSSSCG00000062742",131.92374516306,-2.80177822216632,0.63319652785971,7.14853653760976e-07,7.20519249208337e-05
"ENSSSCG00000062804",64.9434177927174,-1.22008031392846,0.604629094803283,0.00353364417293617,0.0411296212733215
"ENSSSCG00000063301",14.9355254296224,-6.95056376370757,1.52967844657647,4.95763797509468e-09,1.18914281000087e-06
"ENSSSCG00000063404",20.5198166430944,-1.98853455821686,1.20270421749842,0.00390104896196081,0.044000581416783
"ENSSSCG00000063426",100.375251896523,-1.01203221257317,0.417425829198165,0.00185679459526038,0.0267765607196263
"ENSSSCG00000063481",9.00753354954302,-3.2400965011188,1.40428673399626,0.0010798390576702,0.0185175296866902
