"","Gene.stable.ID","baseMean","log2FoldChange","lfcSE","pvalue","padj","Gene.name","Gene.stable.ID.1","Gene.stable.ID.version","Gene.name.1"
"1","ENSSSCG00000000184",100.671783694206,1.5235351876636,0.695758510054704,0.00113702621654903,0.019271475650615,"DDN","ENSG00000181418","ENSG00000181418.8","DDN"
"2","ENSSSCG00000000261",458.273137674489,1.0871856142183,0.531120348414973,0.00276907658004912,0.0351919732497323,"IGFBP6","ENSG00000167779","ENSG00000167779.9","IGFBP6"
"3","ENSSSCG00000000530",47.9876020349883,2.24394606755184,0.770474212166743,0.000116925408639187,0.00388452629149036,"FGD4","ENSG00000139132","ENSG00000139132.16","FGD4"
"4","ENSSSCG00000000645",3491.99361641705,1.47739101033334,0.287116378698484,1.62269132496078e-08,3.41648643518687e-06,"GABARAPL1","ENSG00000139112","ENSG00000139112.11","GABARAPL1"
"5","ENSSSCG00000000690",1639.09752068386,1.0230072518709,0.307060551083328,8.43785296039409e-05,0.00301108993872896,"MLF2","ENSG00000089693","ENSG00000089693.11","MLF2"
"6","ENSSSCG00000000703",297.001384818944,1.37344560449849,0.477216214030474,0.000230559371839565,0.00625017101142764,"","ENSG00000139190","ENSG00000139190.17","VAMP1"
"7","ENSSSCG00000000709",122.133238710305,1.11686229780304,0.545775915738574,0.00263959635087511,0.03423525753096,"PLEKHG6","ENSG00000008323","ENSG00000008323.16","PLEKHG6"
"8","ENSSSCG00000000712",476.860264554704,1.77800127680911,0.495218442974037,1.48266190484345e-05,0.000755240871905339,"VWF","ENSG00000110799","ENSG00000110799.14","VWF"
"9","ENSSSCG00000000757",1222.83949289287,1.08852550076529,0.275384057016853,7.85835425902937e-06,0.000474229155587094,"ADIPOR2","ENSG00000006831","ENSG00000006831.10","ADIPOR2"
"10","ENSSSCG00000000804",612.50686156585,1.05633895443666,0.467162447248327,0.00186776021515293,0.0268325915973714,"ANO6","ENSG00000177119","ENSG00000177119.17","ANO6"
"11","ENSSSCG00000000843",117.74069259804,2.00383364603612,0.483314891338754,1.50635476547323e-06,0.000132454476419892,"TXNRD1","ENSG00000198431","ENSG00000198431.18","TXNRD1"
"12","ENSSSCG00000000856",365.052624767721,3.11896164793784,1.12451762810023,9.5527856062139e-05,0.00330320683306838,"PAH","ENSG00000171759","ENSG00000171759.10","PAH"
"13","ENSSSCG00000000906",568.586455192214,2.01496723194599,0.314055475146048,6.87187854978745e-12,5.20860906559689e-09,"TMCC3","ENSG00000057704","ENSG00000057704.13","TMCC3"
"14","ENSSSCG00000000936",143.049351736731,1.5053643821967,0.439127267573853,3.50881822575635e-05,0.00149412576539005,"SLC6A15","ENSG00000072041","ENSG00000072041.18","SLC6A15"
"15","ENSSSCG00000000999",353.522503709506,1.34225144598193,0.325235220202578,2.69016930952298e-06,0.000200692985221067,"CDYL","ENSG00000153046","ENSG00000153046.18","CDYL"
"16","ENSSSCG00000001063",351.687185518996,1.34271322302891,0.409797098340638,6.77105172043084e-05,0.00256609318100888,"MYLIP","ENSG00000007944","ENSG00000007944.15","MYLIP"
"17","ENSSSCG00000001137",586.900493696049,2.94631098007001,0.595455278023554,2.3352638993856e-08,4.64498650312914e-06,"H1-3","ENSG00000124575","ENSG00000124575.7","H1-3"
"18","ENSSSCG00000001565",364.089691044115,3.26977999525567,0.478614526154969,2.61076854827433e-13,4.49740483829548e-10,"CDKN1A","ENSG00000124762","ENSG00000124762.14","CDKN1A"
"19","ENSSSCG00000001727",622.045493645105,1.02681570915795,0.286693612539261,3.73306234399127e-05,0.00156499553885599,"TNFRSF21","ENSG00000146072","ENSG00000146072.6","TNFRSF21"
"20","ENSSSCG00000001746",333.948549184698,1.55521489106141,0.388629840129448,3.6506272320785e-06,0.00025577829666326,"PKHD1","ENSG00000170927","ENSG00000170927.15","PKHD1"
"21","ENSSSCG00000001795",85.8163745233445,3.66839140655713,0.695172900800887,3.88691683015562e-09,9.95313338035389e-07,"SH3GL3","ENSG00000140600","ENSG00000140600.17","SH3GL3"
"22","ENSSSCG00000001824",864.798679367188,1.1496918640953,0.266618687688528,1.64825236196906e-06,0.000141966972758872,"ZXDC","ENSG00000070476","ENSG00000070476.15","ZXDC"
"23","ENSSSCG00000001892",407.402457135778,1.21776294607511,0.44528570304446,0.000428924104908802,0.00969786356031607,"SCAMP2","ENSG00000140497","ENSG00000140497.16","SCAMP2"
"24","ENSSSCG00000001952",1629.5048022416,1.00483444476551,0.360431888591209,0.000536460095670688,0.0113745275218969,"NFKBIA","ENSG00000100906","ENSG00000100906.12","NFKBIA"
"25","ENSSSCG00000002311",593.43656560902,1.16987936769424,0.357633483308619,8.91449387249101e-05,0.00313396557309522,"SUSD6","ENSG00000100647","ENSG00000100647.8","SUSD6"
"26","ENSSSCG00000002350",852.640256368037,1.4966776921554,0.340245396068517,6.87331438653228e-07,6.96483605937969e-05,"MIDEAS","ENSG00000156030","ENSG00000156030.14","MIDEAS"
"27","ENSSSCG00000002383",876.941463041196,1.47546977592782,4.55760998938392,0.00423862212778479,0.0465070357263428,"FOS","ENSG00000170345","ENSG00000170345.10","FOS"
"28","ENSSSCG00000002392",264.689392554569,2.1712037154634,0.426210384617061,1.53540166183046e-08,3.30617341932107e-06,"IRF2BPL","ENSG00000119669","ENSG00000119669.5","IRF2BPL"
"29","ENSSSCG00000002427",36.2285746346292,1.31090275019838,0.734891996959349,0.00323833404282,0.0388620593903712,"","ENSG00000165521","ENSG00000165521.16","EML5"
"30","ENSSSCG00000002622",193.125243502985,1.05510834237248,0.523172084886421,0.00316280484964635,0.0383926302240629,"TMEM14A","ENSG00000096092","ENSG00000096092.6","TMEM14A"
"31","ENSSSCG00000002658",98.723952850256,1.86761035433586,0.413171219105466,3.11752616156439e-07,3.69212520221773e-05,"FOXL1","ENSG00000176678","ENSG00000176678.6","FOXL1"
"32","ENSSSCG00000002754",1112.16264513149,3.14077369697811,0.538536377200472,1.82108689679324e-10,8.84814759162438e-08,"NQO1","ENSG00000181019","ENSG00000181019.13","NQO1"
"33","ENSSSCG00000002822",1487.61722932296,1.0961609617812,0.262014580926171,2.95054789677382e-06,0.000215868463690992,"AMFR","ENSG00000159461","ENSG00000159461.15","AMFR"
"34","ENSSSCG00000003101",111.181302269538,1.22710823775281,0.597686765291933,0.00215732113179801,0.0297700328491696,"HIF3A","ENSG00000124440","ENSG00000124440.16","HIF3A"
"35","ENSSSCG00000003481",81.199701005606,2.94887840905887,0.833570685955129,1.04358101537969e-05,0.000592060379054782,"PADI1","ENSG00000142623","ENSG00000142623.11","PADI1"
"36","ENSSSCG00000003825",70.6036721930076,1.46244820098968,0.461051330737299,8.85816173897577e-05,0.00311994994036899,"","ENSG00000134716","ENSG00000134716.11","CYP2J2"
"37","ENSSSCG00000003832",402.346062918139,3.30557003884142,0.643402901269033,7.94485343244874e-09,1.83068285625805e-06,"TACSTD2","ENSG00000184292","ENSG00000184292.7","TACSTD2"
"38","ENSSSCG00000004032",39.4695369665738,1.45914819988996,0.75651270532347,0.00211442178963854,0.0293310237861353,"PRKN","ENSG00000185345","ENSG00000185345.24","PRKN"
"39","ENSSSCG00000004058",4406.09064995713,1.11074014506252,0.298364849732769,2.11915640157293e-05,0.00100869358763512,"EZR","ENSG00000092820","ENSG00000092820.19","EZR"
"40","ENSSSCG00000004081",92.2658829614146,2.21264197224235,0.647430802098181,2.12395768360554e-05,0.00100869358763512,"","ENSG00000131018","ENSG00000131018.25","SYNE1"
"41","ENSSSCG00000004142",853.895470352056,1.23551520537013,0.290915794826352,1.82428038488849e-06,0.000151615302689702,"CITED2","ENSG00000164442","ENSG00000164442.10","CITED2"
"42","ENSSSCG00000004154",313.04974871294,2.01477170423806,0.436215562896,1.7083236470373e-07,2.26370802711258e-05,"TNFAIP3","ENSG00000118503","ENSG00000118503.17","TNFAIP3"
"43","ENSSSCG00000004177",14242.065955936,1.08632568501476,0.423576619218968,0.000866850275875406,0.0158704791087566,"RPS12","ENSG00000112306","ENSG00000112306.8","RPS12"
"44","ENSSSCG00000004192",3867.66818154695,2.12958257820884,0.377020966013016,7.25680042184945e-10,2.41244054725658e-07,"CCN2","ENSG00000118523","ENSG00000118523.6","CCN2"
"45","ENSSSCG00000004233",251.395558045486,1.56748525958696,0.577846397141593,0.000301799249327865,0.00751484096650947,"SMPDL3A","ENSG00000172594","ENSG00000172594.13","SMPDL3A"
"46","ENSSSCG00000004249",143.631654224242,1.12138949673054,0.407679449727167,0.000491866325722239,0.0107377592236298,"CEP85L","ENSG00000111860","ENSG00000111860.14","CEP85L"
"47","ENSSSCG00000004473",220.744149184736,1.90480222460722,0.502726480667358,6.48762419440533e-06,0.000404388127828245,"PHIP","ENSG00000146247","ENSG00000146247.15","PHIP"
"48","ENSSSCG00000004528",90.1985959088122,1.13768639211679,0.542146441687472,0.00232939120905774,0.0315508463334061,"MBD2","ENSG00000134046","ENSG00000134046.12","MBD2"
"49","ENSSSCG00000004680",17.1716827205939,1.74500332717986,1.37237146451543,0.0040335058760499,0.0448801543424953,"TERB2","ENSG00000167014","ENSG00000167014.11","TERB2"
"50","ENSSSCG00000004789",5405.78284360836,1.52825227866656,0.470744793034318,6.2901542787669e-05,0.00241279622324603,"THBS1","ENSG00000137801","ENSG00000137801.11","THBS1"
"51","ENSSSCG00000004826",553.127872834515,1.35259063403954,0.457370119019345,0.000186492491202116,0.00534621212676082,"SELENOS","ENSG00000131871","ENSG00000131871.15","SELENOS"
"52","ENSSSCG00000004856",164.688087466572,1.03462445806988,0.516520583165005,0.0033921528412789,0.0399738210133046,"NFATC1","ENSG00000131196","ENSG00000131196.18","NFATC1"
"53","ENSSSCG00000004859",123.311578470417,2.12992054974958,0.579214398788813,8.82657628713635e-06,0.000517816699891476,"ZNF516","ENSG00000101493","ENSG00000101493.11","ZNF516"
"54","ENSSSCG00000005055",984.985068411983,1.20277357995168,0.458062317044002,0.000586162370845686,0.0121522874892286,"LGALS3","ENSG00000131981","ENSG00000131981.16","LGALS3"
"55","ENSSSCG00000005084",730.884478578197,1.05463830354736,0.316615257260454,8.70571464928683e-05,0.00307196623630049,"PPM1A","ENSG00000100614","ENSG00000100614.18","PPM1A"
"56","ENSSSCG00000005095",214.207180620491,1.10332924366062,0.35507931844032,0.000169458170759127,0.00496300290218656,"PRKCH","ENSG00000027075","ENSG00000027075.17","PRKCH"
"57","ENSSSCG00000005215",528.308862535398,1.27921034849797,0.463403989928615,0.000361901623410276,0.00848582233759776,"JAK2","ENSG00000096968","ENSG00000096968.14","JAK2"
"58","ENSSSCG00000005243",63.0249795987507,3.01917926996728,0.834270805182267,8.37828721204375e-06,0.000497680766084693,"PGM5","ENSG00000154330","ENSG00000154330.13","PGM5"
"59","ENSSSCG00000005385",51.1549160394027,1.9043719535667,0.688560938161451,0.000217353665457025,0.00599145014071798,"NR4A3","ENSG00000119508","ENSG00000119508.18","NR4A3"
"60","ENSSSCG00000005437",351.556704324808,3.24985702562472,0.476842411472603,3.00928607702975e-13,4.75191348946973e-10,"KLF4","ENSG00000136826","ENSG00000136826.15","KLF4"
"61","ENSSSCG00000005494",955.924132586715,2.63940302844359,0.409134377912253,4.08817275389435e-12,3.36812110928452e-09,"TNC","ENSG00000041982","ENSG00000041982.17","TNC"
"62","ENSSSCG00000005498",52.8183511857299,2.08001105195114,0.939551686982729,0.000697060557320654,0.013512217105912,"PAPPA","ENSG00000182752","ENSG00000182752.10","PAPPA"
"63","ENSSSCG00000005636",567.047463719069,1.61555729864349,0.335975219077926,8.69893990119609e-08,1.37363510156471e-05,"SLC25A25","ENSG00000148339","ENSG00000148339.13","SLC25A25"
"64","ENSSSCG00000005699",371.585496326047,2.29244745632997,0.421732856395114,2.42346412941337e-09,6.75326791003734e-07,"HMCN2","ENSG00000148357","ENSG00000148357.18","HMCN2"
"65","ENSSSCG00000005946",593.433171368371,1.47715959447565,0.335408863577193,6.41866375918386e-07,6.61017715069429e-05,"CCN4","ENSG00000104415","ENSG00000104415.14","CCN4"
"66","ENSSSCG00000005948",12.9154770416693,4.04101997389936,1.62915311303276,0.000710738237862098,0.0137441176988505,"TG","ENSG00000042832","ENSG00000042832.12","TG"
"67","ENSSSCG00000005949",86.2050995552005,1.75437259077965,0.516971965201509,3.28381639451838e-05,0.00142753495425218,"SLA","ENSG00000155926","ENSG00000155926.14","SLA"
"68","ENSSSCG00000005970",339.317302767842,1.47067342655393,0.423954285813197,3.05802147796273e-05,0.00135388899499803,"SQLE","ENSG00000104549","ENSG00000104549.12","SQLE"
"69","ENSSSCG00000006001",892.577672991719,1.07123260136831,0.400559530169231,0.000643963579021733,0.0129537854128268,"ENPP2","ENSG00000136960","ENSG00000136960.13","ENPP2"
"70","ENSSSCG00000006082",522.62283207181,1.07342022136955,0.359350043031275,0.00026874761375069,0.00697602538761893,"MATN2","ENSG00000132561","ENSG00000132561.14","MATN2"
"71","ENSSSCG00000006120",1073.63556495153,1.11685361695601,0.375617973444817,0.000250218488691436,0.00661281749262765,"OTUD6B","ENSG00000155100","ENSG00000155100.11","OTUD6B"
"72","ENSSSCG00000006243",18.8777795555518,5.52988647080238,1.68250796166222,2.9098307316261e-05,0.00129737370667254,"PENK","ENSG00000181195","ENSG00000181195.11","PENK"
"73","ENSSSCG00000006290",268.617027047212,1.18812025658235,0.409421385293174,0.000286092863136715,0.00723643226355579,"SLC19A2","ENSG00000117479","ENSG00000117479.15","SLC19A2"
"74","ENSSSCG00000006525",1075.36517153104,1.23330308326256,0.426221081364377,0.000264720795048763,0.00688092502795474,"","ENSG00000185499","ENSG00000185499.17","MUC1"
"75","ENSSSCG00000006561",577.435298895394,1.06028936644559,0.440163970671761,0.00131176797310308,0.0211700717884115,"SLC39A1","ENSG00000143570","ENSG00000143570.19","SLC39A1"
"76","ENSSSCG00000006738",175.132658666163,1.0186391653539,0.544676645173394,0.00444833236002432,0.0480068311737605,"","ENSG00000116815","ENSG00000116815.16","CD58"
"77","ENSSSCG00000006743",51.6491662334759,1.6420932278704,0.598877057637587,0.000276966220894257,0.00708263551919741,"SLC22A15","ENSG00000163393","ENSG00000163393.13","SLC22A15"
"78","ENSSSCG00000006758",137.558575314013,1.10388444176932,0.540552430413513,0.00275770564690966,0.0351181211715667,"SYT6","ENSG00000134207","ENSG00000134207.17","SYT6"
"79","ENSSSCG00000006870",413.935235369259,1.82584245898227,0.410684141703955,4.62992777829885e-07,5.13055564157806e-05,"MFSD14A","ENSG00000156875","ENSG00000156875.14","MFSD14A"
"80","ENSSSCG00000006940",2839.14187234358,1.95311295504656,0.508987065537852,5.19880230210972e-06,0.000342055919523184,"CCN1","ENSG00000142871","ENSG00000142871.18","CCN1"
"81","ENSSSCG00000006987",433.131389506106,1.08881453005765,0.583680145834361,0.0038273593761388,0.043401934660954,"SLC7A2","ENSG00000003989","ENSG00000003989.18","SLC7A2"
"82","ENSSSCG00000006988",205.077761822164,1.16627037917643,0.358981470410466,9.64134305877822e-05,0.00332170562946888,"PDGFRL","ENSG00000104213","ENSG00000104213.13","PDGFRL"
"83","ENSSSCG00000007023",35.8739512575715,1.86429834162796,1.05711902349168,0.00186775246442307,0.0268325915973714,"","ENSG00000083168","ENSG00000083168.11","KAT6A"
"84","ENSSSCG00000007032",1373.61929419586,1.13710342345686,0.344285242981184,8.31717948584956e-05,0.00298756531122058,"PLAT","ENSG00000104368","ENSG00000104368.19","PLAT"
"85","ENSSSCG00000007084",109.492653338665,1.89289946154631,0.564457581830286,3.32701068732093e-05,0.00143934989758092,"BFSP1","ENSG00000125864","ENSG00000125864.14","BFSP1"
"86","ENSSSCG00000007198",176.938133328141,1.08582208909243,0.402473400845985,0.000581589861967728,0.0120706969270827,"ANGPT4","ENSG00000101280","ENSG00000101280.8","ANGPT4"
"87","ENSSSCG00000007324",99.3303246226948,1.47716329057388,0.54697929441394,0.000352445967576646,0.00834812329951233,"SOGA1","ENSG00000149639","ENSG00000149639.15","SOGA1"
"88","ENSSSCG00000007430",37.7395983517058,2.7495674753786,0.761321904521522,1.14820776420747e-05,0.000634326207695841,"NEURL2","ENSG00000124257","ENSG00000124257.7","NEURL2"
"89","ENSSSCG00000007554",243.490005168879,1.02608661217846,0.50979673745208,0.00334987014994445,0.0397723618241211,"ZFAND2A","ENSG00000178381","ENSG00000178381.12","ZFAND2A"
"90","ENSSSCG00000007705",444.629118652714,1.07572113360783,0.354377822059257,0.00023117080864353,0.0062547272631588,"","ENSG00000196313","ENSG00000196313.13","POM121"
"91","ENSSSCG00000007705",444.629118652714,1.07572113360783,0.354377822059257,0.00023117080864353,0.0062547272631588,"","ENSG00000272391","ENSG00000272391.6","POM121C"
"92","ENSSSCG00000007718",3860.31944492752,1.17576468438635,0.544289562826377,0.00186740725984185,0.0268325915973714,"CLDN4","ENSG00000189143","ENSG00000189143.10","CLDN4"
"93","ENSSSCG00000007978",16023.1896331334,1.84763553616048,0.471439086772349,5.36346044809614e-06,0.000350455903555082,"","ENSG00000188536","ENSG00000188536.13","HBA2"
"94","ENSSSCG00000007978",16023.1896331334,1.84763553616048,0.471439086772349,5.36346044809614e-06,0.000350455903555082,"","ENSG00000206172","ENSG00000206172.8","HBA1"
"95","ENSSSCG00000008073",397.607326396237,1.27865675041502,0.411899081989272,0.000131442577969869,0.00419310675075936,"OMD","ENSG00000127083","ENSG00000127083.8","OMD"
"96","ENSSSCG00000008187",102.362889831486,1.20465821528625,0.459705402239925,0.000609850325302287,0.012523070626242,"CRACDL","ENSG00000196872","ENSG00000196872.12","CRACDL"
"97","ENSSSCG00000008318",30.7800905123067,2.50833700527825,0.922314757848921,0.000197276133575265,0.00557938127629506,"VAX2","ENSG00000116035","ENSG00000116035.4","VAX2"
"98","ENSSSCG00000008443",4152.55286039676,1.09496262519934,0.364376744308885,0.000234071405336104,0.00630867233488387,"EPAS1","ENSG00000116016","ENSG00000116016.14","EPAS1"
"99","ENSSSCG00000008451",422.539581125189,1.33533378738032,0.274981606889065,9.48794169637388e-08,1.46574433291143e-05,"PPM1B","ENSG00000138032","ENSG00000138032.21","PPM1B"
"100","ENSSSCG00000008602",3333.76531305028,1.03490501603731,0.316166498667732,0.000113124514185043,0.00380745367547493,"LAPTM4A","ENSG00000068697","ENSG00000068697.7","LAPTM4A"
"101","ENSSSCG00000008772",368.001053289464,1.31947665210437,0.373030696754729,2.93789426310257e-05,0.00130681122984814,"RELL1","ENSG00000181826","ENSG00000181826.10","RELL1"
"102","ENSSSCG00000008820",319.604477889558,1.49759135536232,0.542135855673778,0.000286799336636783,0.00723643226355579,"TEC","ENSG00000135605","ENSG00000135605.13","TEC"
"103","ENSSSCG00000008853",13.6211034945966,2.13294027198436,1.81339307223495,0.00350160499324851,0.0408080982373629,"TLL1","ENSG00000038295","ENSG00000038295.8","TLL1"
"104","ENSSSCG00000008898",215.243997063497,1.40539352503188,0.346232128248087,3.37653047799944e-06,0.000241441041613628,"","ENSG00000171476","ENSG00000171476.22","HOPX"
"105","ENSSSCG00000009128",211.956665800805,1.13299114741959,0.47636582328302,0.00126928463698316,0.0206452142370763,"AP1AR","ENSG00000138660","ENSG00000138660.12","AP1AR"
"106","ENSSSCG00000009202",213.915451726768,2.09616915260827,1.34827932680677,0.00175845110751292,0.0258130681401941,"MMRN1","ENSG00000138722","ENSG00000138722.10","MMRN1"
"107","ENSSSCG00000009216",4382.63940115737,2.02376439502809,0.532183711212651,5.62785844308407e-06,0.000366468349271478,"SPP1","ENSG00000118785","ENSG00000118785.15","SPP1"
"108","ENSSSCG00000009217",2693.16664152588,4.15310750647339,1.04597162458194,1.22901180999272e-06,0.000111428443959579,"PKD2","ENSG00000118762","ENSG00000118762.8","PKD2"
"109","ENSSSCG00000009222",2456.55133781187,1.2536341933014,0.523139940490733,0.000977826492170825,0.0172521733707123,"SPARCL1","ENSG00000152583","ENSG00000152583.13","SPARCL1"
"110","ENSSSCG00000009320",410.115114801378,1.27669585050236,0.482476426545461,0.000498643328282716,0.0108132848740307,"FLT1","ENSG00000102755","ENSG00000102755.13","FLT1"
"111","ENSSSCG00000009331",113.073305755648,1.87452751619504,0.470316954068653,3.27799754440257e-06,0.000236177853493857,"MEDAG","ENSG00000102802","ENSG00000102802.10","MEDAG"
"112","ENSSSCG00000009370",888.169443492771,1.07415853079906,0.262170583113527,4.49149604234773e-06,0.000302880279382374,"FOXO1","ENSG00000150907","ENSG00000150907.10","FOXO1"
"113","ENSSSCG00000009434",1343.56540674238,1.14248683751284,0.495508096095723,0.00144133329616784,0.0226091263485798,"RGCC","ENSG00000102760","ENSG00000102760.13","RGCC"
"114","ENSSSCG00000009488",98.732069777494,1.66927967487897,0.558717206918059,0.000124790832801113,0.00404907789511694,"SLITRK5","ENSG00000165300","ENSG00000165300.8","SLITRK5"
"115","ENSSSCG00000009558",130.506855995761,2.26331523128681,0.530732696363053,7.6274311794839e-07,7.48871468497619e-05,"F10","ENSG00000126218","ENSG00000126218.12","F10"
"116","ENSSSCG00000009592",451.864302728194,2.16153957755584,0.44290840952062,4.58217017328869e-08,7.96582959758233e-06,"NFIL3","ENSG00000165030","ENSG00000165030.4","NFIL3"
"117","ENSSSCG00000009672",394.595245495432,1.7970549363275,0.683320410232563,0.00029588654274285,0.00739677321693175,"","ENSG00000168079","ENSG00000168079.17","SCARA5"
"118","ENSSSCG00000009825",226.574091221955,1.01125601148338,0.538363265451415,0.0044299766326753,0.0479403924686261,"PPTC7","ENSG00000196850","ENSG00000196850.6","PPTC7"
"119","ENSSSCG00000009865",628.403691953215,1.01311862095445,0.453343069428369,0.00215687728468439,0.0297700328491696,"TBX3","ENSG00000135111","ENSG00000135111.16","TBX3"
"120","ENSSSCG00000009945",116.344075350098,2.11050462635332,0.451789204198282,1.35381431055229e-07,1.9434414674739e-05,"FICD","ENSG00000198855","ENSG00000198855.7","FICD"
"121","ENSSSCG00000010012",58.9772719042139,1.43801435278344,0.920916984279449,0.00353746368739176,0.0411330645495577,"SLC35E4","ENSG00000100036","ENSG00000100036.13","SLC35E4"
"122","ENSSSCG00000010030",467.20986382834,1.47671388818337,0.394316654111903,1.08190243792875e-05,0.000608337367843081,"EIF4ENIF1","ENSG00000184708","ENSG00000184708.18","EIF4ENIF1"
"123","ENSSSCG00000010204",214.76944001128,1.36180729886077,0.470015258109943,0.000225093111196264,0.00612828931617529,"BICC1","ENSG00000122870","ENSG00000122870.12","BICC1"
"124","ENSSSCG00000010283",1635.05387959293,1.07925165049914,0.529030290757869,0.00283682297470505,0.0356938635774808,"SPOCK2","ENSG00000107742","ENSG00000107742.14","SPOCK2"
"125","ENSSSCG00000010325",48.8632134707406,2.13396096455042,0.886576016945298,0.000454704852359542,0.0101129134358697,"KCNMA1","ENSG00000156113","ENSG00000156113.25","KCNMA1"
"126","ENSSSCG00000010332",679.288081420496,1.71022807269062,0.549155739756837,8.37549758361312e-05,0.00299447742852613,"PLAC9","ENSG00000189129","ENSG00000189129.14","PLAC9"
"127","ENSSSCG00000010352",55.7351704149207,1.22203904275376,0.518123810231449,0.00119041172904027,0.019744139871634,"GRID1","ENSG00000182771","ENSG00000182771.19","GRID1"
"128","ENSSSCG00000010447",7881.9654759288,1.34605755136588,0.48120929558954,0.00030459238481732,0.00754258384136268,"ACTA2","ENSG00000107796","ENSG00000107796.13","ACTA2"
"129","ENSSSCG00000010494",531.284675024542,1.06870323371189,0.382212209786321,0.000460246901935754,0.0102121997011482,"SORBS1","ENSG00000095637","ENSG00000095637.23","SORBS1"
"130","ENSSSCG00000010517",4975.65075769293,1.17808797961728,0.388047939288301,0.000186319621452429,0.00534621212676082,"","ENSG00000226784","ENSG00000226784.3","PGAM4"
"131","ENSSSCG00000010525",617.421499494028,1.17141694427881,0.330775982341355,3.36099191506748e-05,0.00144744172269577,"PI4K2A","ENSG00000155252","ENSG00000155252.14","PI4K2A"
"132","ENSSSCG00000010607",28.0145854990842,1.82657007748252,0.929989605091736,0.00145236334072331,0.0227444900358397,"COL17A1","ENSG00000065618","ENSG00000065618.21","COL17A1"
"133","ENSSSCG00000010653",71.7726614404552,1.314887377831,0.596862765436997,0.00141698584936994,0.0224025225851827,"TRUB1","ENSG00000165832","ENSG00000165832.6","TRUB1"
"134","ENSSSCG00000010686",1093.23267171626,1.66293018902002,0.295592408931493,1.07896179847965e-09,3.40754118656515e-07,"BAG3","ENSG00000151929","ENSG00000151929.10","BAG3"
"135","ENSSSCG00000010734",1130.38111594378,1.1516707490606,0.455037743868775,0.000815001527053413,0.015290558352609,"","ENSG00000065154","ENSG00000065154.12","OAT"
"136","ENSSSCG00000011040",74.7761166916347,1.1557721811956,0.520371642235206,0.00174041809802029,0.0256310710535334,"CACNB2","ENSG00000165995","ENSG00000165995.24","CACNB2"
"137","ENSSSCG00000011076",119.107325885454,1.81844728223942,0.502041230270661,1.34705711642337e-05,0.000705121140859297,"OTUD1","ENSG00000165312","ENSG00000165312.7","OTUD1"
"138","ENSSSCG00000011133",735.277403308173,1.69185500189693,0.443513358692363,6.77851951759089e-06,0.000417033007593603,"PFKFB3","ENSG00000170525","ENSG00000170525.21","PFKFB3"
"139","ENSSSCG00000011179",438.876751701177,1.10284657486293,0.326025198119384,6.75649433249801e-05,0.00256570763740491,"MRPL3","ENSG00000114686","ENSG00000114686.9","MRPL3"
"140","ENSSSCG00000011218",683.69583132835,1.71664166726407,0.32074409805497,4.8789625210789e-09,1.18914281000087e-06,"SLC4A7","ENSG00000033867","ENSG00000033867.17","SLC4A7"
"141","ENSSSCG00000011241",58.4846042925979,1.81208896745641,0.655492257171828,0.000218383553890689,0.00599731878648503,"DCLK3","ENSG00000163673","ENSG00000163673.8","DCLK3"
"142","ENSSSCG00000011264",441.352726919739,2.09207321451699,0.614570264028865,2.31321636677238e-05,0.00106910090082853,"CSRNP1","ENSG00000144655","ENSG00000144655.15","CSRNP1"
"143","ENSSSCG00000011440",1370.7864070395,1.04538057907335,0.406642051468539,0.000892960618459261,0.0162231167393907,"SEMA3G","ENSG00000010319","ENSG00000010319.7","SEMA3G"
"144","ENSSSCG00000011465",231.398575940469,1.32971042518378,0.324515851634795,3.13142761268678e-06,0.000227346443803838,"PDE12","ENSG00000174840","ENSG00000174840.9","PDE12"
"145","ENSSSCG00000011496",130.87273649242,1.38762820051331,0.771627424374001,0.002664397518957,0.0343921448138393,"ADAMTS9","ENSG00000163638","ENSG00000163638.13","ADAMTS9"
"146","ENSSSCG00000011521",575.262517830716,1.33491375254928,0.389296186310218,4.30420233723301e-05,0.00176537511013481,"PDZRN3","ENSG00000121440","ENSG00000121440.15","PDZRN3"
"147","ENSSSCG00000011609",431.326331853428,1.4583097316291,0.41333709022943,2.5863253955666e-05,0.00116964868545564,"FBLN2","ENSG00000163520","ENSG00000163520.14","FBLN2"
"148","ENSSSCG00000011641",1212.80164659313,1.1060661763469,0.302988943095235,2.50323235887724e-05,0.00114851694838656,"SLCO2A1","ENSG00000174640","ENSG00000174640.15","SLCO2A1"
"149","ENSSSCG00000011747",167.535513658836,2.81729887916969,0.534994720268322,4.89827776165164e-09,1.18914281000087e-06,"CLDN11","ENSG00000013297","ENSG00000013297.12","CLDN11"
"150","ENSSSCG00000011802",3261.53919680069,1.55383896002335,0.60091419811524,0.000420087789143385,0.00956760038038221,"KNG1","ENSG00000113889","ENSG00000113889.14","KNG1"
"151","ENSSSCG00000011914",35.2777291570789,2.49289094097017,0.898879580436448,0.000158031611320159,0.00472325079322665,"ZDHHC23","ENSG00000184307","ENSG00000184307.17","ZDHHC23"
"152","ENSSSCG00000011918",102.535953469156,1.90127312098531,0.486455893816492,4.54226017679167e-06,0.000305217333652572,"USF3","ENSG00000176542","ENSG00000176542.10","USF3"
"153","ENSSSCG00000011951",433.532801600942,1.07266893646366,0.445179524351119,0.00127277619804798,0.0206665262868991,"NFKBIZ","ENSG00000144802","ENSG00000144802.11","NFKBIZ"
"154","ENSSSCG00000012075",299.433384261893,1.27678253645968,0.499882659921259,0.000638009972865039,0.0128946151254825,"FAM3B","ENSG00000183844","ENSG00000183844.17","FAM3B"
"155","ENSSSCG00000012136",183.876845452419,1.00811226102689,0.542879183309033,0.00464778638336058,0.0494225051505609,"PIR","ENSG00000087842","ENSG00000087842.11","PIR"
"156","ENSSSCG00000012262",373.162304160136,1.05183356732741,0.319874748672081,0.000102262884471856,0.00349779674703465,"KDM6A","ENSG00000147050","ENSG00000147050.17","KDM6A"
"157","ENSSSCG00000012266",22.6462841434896,2.3774597217934,1.06280988639894,0.000682268765342513,0.0132927600404383,"SLC9A7","ENSG00000065923","ENSG00000065923.10","SLC9A7"
"158","ENSSSCG00000012317",434.594731237626,1.05541931215131,0.362147734693841,0.000349350403393808,0.00830594829850599,"GSPT2","ENSG00000189369","ENSG00000189369.9","GSPT2"
"159","ENSSSCG00000012347",192.672965625778,2.17975964248487,0.665424329742766,3.50001321068251e-05,0.00149373311552304,"ALAS2","ENSG00000158578","ENSG00000158578.21","ALAS2"
"160","ENSSSCG00000012350",256.179768577494,1.1681460203564,0.334531806273304,4.14248087242145e-05,0.00171763391797624,"MAGEH1","ENSG00000187601","ENSG00000187601.5","MAGEH1"
"161","ENSSSCG00000012531",7.72334760117418,5.88240802391164,2.75350177016221,9.94740758893635e-05,0.00341473598555715,"","ENSG00000196507","ENSG00000196507.11","TCEAL3"
"162","ENSSSCG00000012531",7.72334760117418,5.88240802391164,2.75350177016221,9.94740758893635e-05,0.00341473598555715,"","ENSG00000204065","ENSG00000204065.3","TCEAL5"
"163","ENSSSCG00000012531",7.72334760117418,5.88240802391164,2.75350177016221,9.94740758893635e-05,0.00341473598555715,"","ENSG00000204071","ENSG00000204071.11","TCEAL6"
"164","ENSSSCG00000012667",528.129381304271,1.2447224401935,0.395947369463395,0.000128869908189417,0.00414593529759126,"IGSF1","ENSG00000147255","ENSG00000147255.19","IGSF1"
"165","ENSSSCG00000012699",2880.06359744293,1.04525027005484,0.4272779077023,0.0012266246319027,0.0201415165943884,"FHL1","ENSG00000022267","ENSG00000022267.19","FHL1"
"166","ENSSSCG00000013030",882.747050655626,1.00691846926932,0.366057168018962,0.000593545121016259,0.0122650888747406,"PRDX5","ENSG00000126432","ENSG00000126432.14","PRDX5"
"167","ENSSSCG00000013231",419.637181253639,1.37891989949351,0.648807006349877,0.0014779574610835,0.0230137647546401,"C1QTNF4","ENSG00000172247","ENSG00000172247.4","C1QTNF4"
"168","ENSSSCG00000013261",20.8395804390867,2.29727906062537,1.35932444516464,0.00178125454251751,0.0260238953941128,"CHRM4","ENSG00000180720","ENSG00000180720.8","CHRM4"
"169","ENSSSCG00000013262",937.107340392775,1.06225462798108,0.386244270454844,0.000531367516164593,0.0113388322790573,"AMBRA1","ENSG00000110497","ENSG00000110497.15","AMBRA1"
"170","ENSSSCG00000013270",785.812592193048,1.53484374513094,0.476981103978422,6.68909283713901e-05,0.00255033440987821,"CRY2","ENSG00000121671","ENSG00000121671.12","CRY2"
"171","ENSSSCG00000013300",66.6940473211425,1.67754529225392,0.629859673612514,0.000328199606324654,0.00799364311085586,"EHF","ENSG00000135373","ENSG00000135373.13","EHF"
"172","ENSSSCG00000013393",886.908291157908,1.31022596719765,0.313200225984807,2.16214216459107e-06,0.000172144671751413,"SPON1","ENSG00000262655","ENSG00000262655.4","SPON1"
"173","ENSSSCG00000013408",290.124951009389,1.69711273729924,0.414018172426745,2.14712524961164e-06,0.000172144671751413,"ADM","ENSG00000148926","ENSG00000148926.10","ADM"
"174","ENSSSCG00000013425",255.399424914352,1.45649511050202,0.453942646907293,7.70287343533695e-05,0.00283972273786381,"MISP","ENSG00000099812","ENSG00000099812.9","MISP"
"175","ENSSSCG00000013433",36.3098775953403,1.52484286189006,0.758436014480605,0.00167398721467615,0.0249178191130388,"ADAMTSL5","ENSG00000185761","ENSG00000185761.11","ADAMTSL5"
"176","ENSSSCG00000013735",836.442886567027,1.56094496414234,1.1978950169851,0.00370566522032886,0.0425052362348739,"JUNB","ENSG00000171223","ENSG00000171223.6","JUNB"
"177","ENSSSCG00000013893",885.221410842561,1.63927774861963,0.352194725042665,1.83979814474989e-07,2.42099548922679e-05,"ARRDC2","ENSG00000105643","ENSG00000105643.11","ARRDC2"
"178","ENSSSCG00000014016",2208.71285632387,1.27834552075345,0.262300398034515,8.81445512113885e-08,1.38037281066496e-05,"SQSTM1","ENSG00000161011","ENSG00000161011.20","SQSTM1"
"179","ENSSSCG00000014029",576.5894597855,1.26703215112648,0.349167037129405,2.11026700215477e-05,0.00100724053964309,"COL23A1","ENSG00000050767","ENSG00000050767.18","COL23A1"
"180","ENSSSCG00000014066",273.326900696557,1.34216706938241,0.473350828373214,0.000270928698401167,0.007003857989091,"TMEM171","ENSG00000157111","ENSG00000157111.13","TMEM171"
"181","ENSSSCG00000014156",1812.59136495111,1.00715503784925,0.2850508947825,4.61021120242147e-05,0.00185475354723321,"ARRDC3","ENSG00000113369","ENSG00000113369.9","ARRDC3"
"182","ENSSSCG00000014213",74.1318081347891,1.12523525396112,0.524186647311166,0.00216345307445302,0.0297700328491696,"KCNN2","ENSG00000080709","ENSG00000080709.17","KCNN2"
"183","ENSSSCG00000014338",3787.33468708358,1.04760009239081,0.244681434957379,2.11365599464404e-06,0.000170432627414936,"HSPA9","ENSG00000113013","ENSG00000113013.16","HSPA9"
"184","ENSSSCG00000014570",78.3209676141436,1.03929603406614,0.53000234821469,0.00368865860575007,0.0423956437802352,"NRIP3","ENSG00000175352","ENSG00000175352.12","NRIP3"
"185","ENSSSCG00000014626",76.046178653447,1.49346398336599,0.708361667236782,0.00136338844784222,0.0217274144972351,"HPX","ENSG00000110169","ENSG00000110169.12","HPX"
"186","ENSSSCG00000014843",79.7191616468327,2.40465808167642,0.725916684904723,3.01992154105936e-05,0.00134015206748323,"CHRDL2","ENSG00000054938","ENSG00000054938.17","CHRDL2"
"187","ENSSSCG00000014907",227.026605265374,1.38525871871514,0.432878519990956,8.54919870373189e-05,0.00303937647724232,"CREBZF","ENSG00000137504","ENSG00000137504.15","CREBZF"
"188","ENSSSCG00000014933",57.3142932168855,5.45915032568444,0.934841773883538,3.64202385519375e-10,1.50027630504492e-07,"NAALAD2","ENSG00000077616","ENSG00000077616.11","NAALAD2"
"189","ENSSSCG00000015069",247.163404712894,1.20230184349394,0.628559523526749,0.00288102412789675,0.0360346707587561,"APOC3","ENSG00000110245","ENSG00000110245.12","APOC3"
"190","ENSSSCG00000015073",9665.23666076001,1.49302521380274,0.415532939062529,1.88029070512226e-05,0.000917819313071278,"TAGLN","ENSG00000149591","ENSG00000149591.17","TAGLN"
"191","ENSSSCG00000015120",1759.37771639759,2.72692647763343,0.364855064353056,2.93423775236839e-15,1.11201742339257e-11,"USP2","ENSG00000036672","ENSG00000036672.16","USP2"
"192","ENSSSCG00000015126",317.620209004421,2.28627577322788,0.623637296610822,8.40967018337962e-06,0.000497983875952689,"TRIM29","ENSG00000137699","ENSG00000137699.17","TRIM29"
"193","ENSSSCG00000015238",83.9891002459493,1.39261710856858,0.653129076699235,0.0014844041838241,0.0230557171141663,"ARHGAP32","ENSG00000134909","ENSG00000134909.19","ARHGAP32"
"194","ENSSSCG00000015342",21.2126377653026,2.11725784084632,1.47179481150424,0.00246958753758859,0.0327844336924824,"COL28A1","ENSG00000215018","ENSG00000215018.10","COL28A1"
"195","ENSSSCG00000015345",75.3209438149515,1.00174379329424,0.53148734010843,0.00464591799413876,0.0494225051505609,"GLCCI1","ENSG00000106415","ENSG00000106415.13","GLCCI1"
"196","ENSSSCG00000015373",8.97344983934932,4.06475208695302,1.99627810749353,0.001150497648452,0.0193775831575479,"TMEM196","ENSG00000173452","ENSG00000173452.15","TMEM196"
"197","ENSSSCG00000015375",318.437274494216,2.13875643898267,0.481741006882224,3.68004207771776e-07,4.200790200643e-05,"ITGB8","ENSG00000105855","ENSG00000105855.10","ITGB8"
"198","ENSSSCG00000015426",97.0384990880645,1.27604158583381,0.743050331253465,0.00353828145104116,0.0411330645495577,"RELN","ENSG00000189056","ENSG00000189056.15","RELN"
"199","ENSSSCG00000015507",80.6054880769273,1.35470651301866,0.536766178120016,0.000653891568190301,0.0130123348793664,"TNN","ENSG00000120332","ENSG00000120332.17","TNN"
"200","ENSSSCG00000015595",458.156428064809,1.74467286517164,0.537218234606587,5.01360001225319e-05,0.00197510824599139,"ATF3","ENSG00000162772","ENSG00000162772.17","ATF3"
"201","ENSSSCG00000015659",218.686930689285,1.12488030402538,0.483137767890603,0.00142021289916933,0.0224263451886329,"YOD1","ENSG00000180667","ENSG00000180667.11","YOD1"
"202","ENSSSCG00000015709",130.178882363618,1.7354954452988,0.694261898179666,0.000446712781634933,0.0099585417637651,"SLC35F5","ENSG00000115084","ENSG00000115084.15","SLC35F5"
"203","ENSSSCG00000015742",40.8770127086057,1.367312295625,0.725062050045925,0.00256391803858111,0.0335986742137437,"TMEM177","ENSG00000144120","ENSG00000144120.13","TMEM177"
"204","ENSSSCG00000015784",1403.77428683438,1.39658097176381,0.335018605229424,2.34373393816394e-06,0.000181165584409748,"ACSL1","ENSG00000151726","ENSG00000151726.16","ACSL1"
"205","ENSSSCG00000015790",1905.71526575138,1.63324676503407,0.359198410517113,3.50822578537004e-07,4.07836628263661e-05,"SLC25A4","ENSG00000151729","ENSG00000151729.11","SLC25A4"
"206","ENSSSCG00000015839",30.0430853371499,1.29872149564902,0.805181728769594,0.00427641944464278,0.0467863002635889,"NRG1","ENSG00000157168","ENSG00000157168.21","NRG1"
"207","ENSSSCG00000015844",880.41629723258,1.05320701170352,0.387857252239721,0.000594870508151621,0.0122790863387419,"GSR","ENSG00000104687","ENSG00000104687.14","GSR"
"208","ENSSSCG00000015868",53.2642238248015,1.55716491048086,1.08203090906,0.00358303346235912,0.0414245888213807,"ARL6IP6","ENSG00000177917","ENSG00000177917.12","ARL6IP6"
"209","ENSSSCG00000015883",568.955443917614,1.32015292655173,0.286738756506301,3.22278814959994e-07,3.76966744733144e-05,"MARCHF7","ENSG00000136536","ENSG00000136536.15","MARCHF7"
"210","ENSSSCG00000015907",144.299927414812,1.04930670461118,0.579986458074714,0.00462299492480403,0.0492694774072619,"GALNT3","ENSG00000115339","ENSG00000115339.14","GALNT3"
"211","ENSSSCG00000016052",599.629326961016,1.13200019910951,0.371636173383428,0.000194233634473866,0.00550154430440252,"MFSD6","ENSG00000151690","ENSG00000151690.15","MFSD6"
"212","ENSSSCG00000016160",19.3832026213098,4.26416650817289,1.2622940868244,3.77571369440736e-05,0.00157938187186148,"ERBB4","ENSG00000178568","ENSG00000178568.15","ERBB4"
"213","ENSSSCG00000016186",1467.67153697002,1.56142520896054,0.383409185185021,2.67151013067421e-06,0.000200088717257492,"","ENSG00000135926","ENSG00000135926.15","TMBIM1"
"214","ENSSSCG00000016245",858.58369830138,1.36352667418027,0.374660256724851,1.81883243023851e-05,0.000890569915260712,"COL4A3","ENSG00000169031","ENSG00000169031.21","COL4A3"
"215","ENSSSCG00000016258",39.6306297579163,1.90446733783583,1.31667524135463,0.00261224003861762,0.0339810288073419,"DNER","ENSG00000187957","ENSG00000187957.8","DNER"
"216","ENSSSCG00000016331",189.457624746236,1.34101921656742,0.456202495711492,0.000203202093280537,0.00569680155334212,"RAMP1","ENSG00000132329","ENSG00000132329.11","RAMP1"
"217","ENSSSCG00000016420",917.664089987166,1.00944694061932,0.269115533610405,2.20879231575796e-05,0.00104053268894217,"INSIG1","ENSG00000186480","ENSG00000186480.13","INSIG1"
"218","ENSSSCG00000016478",24.4285377514919,5.2095839762568,1.50809448768816,4.69853973792754e-05,0.00187832551675082,"PRSS2","ENSG00000010438","ENSG00000010438.17","PRSS3"
"219","ENSSSCG00000016478",24.4285377514919,5.2095839762568,1.50809448768816,4.69853973792754e-05,0.00187832551675082,"PRSS2","ENSG00000275896","ENSG00000275896.7","PRSS2"
"220","ENSSSCG00000016478",24.4285377514919,5.2095839762568,1.50809448768816,4.69853973792754e-05,0.00187832551675082,"PRSS2","ENSG00000204983","ENSG00000204983.15","PRSS1"
"221","ENSSSCG00000016614",74.0408587165972,1.11432177540705,0.45088341880245,0.00106948232591468,0.0183731827685922,"PTPRZ1","ENSG00000106278","ENSG00000106278.12","PTPRZ1"
"222","ENSSSCG00000016646",797.391705100369,1.15404844134724,0.35382232929168,9.35039392470641e-05,0.00324506619925388,"IFRD1","ENSG00000006652","ENSG00000006652.15","IFRD1"
"223","ENSSSCG00000016793",661.589633266862,1.0139438034052,0.346477998644134,0.000337976325310919,0.00810672580799571,"ZNF622","ENSG00000173545","ENSG00000173545.5","ZNF622"
"224","ENSSSCG00000016867",4265.148432791,1.17187725239411,0.268324917090225,1.17253782507832e-06,0.000107335358683136,"CCDC152","ENSG00000198865","ENSG00000198865.10","CCDC152"
"225","ENSSSCG00000016941",60.5432514321415,1.07231445644648,0.590672833105691,0.00449353126112126,0.0483278724080567,"RNF180","ENSG00000164197","ENSG00000164197.12","RNF180"
"226","ENSSSCG00000016958",1752.81469853645,1.01878875648391,0.370731249497232,0.0005811066042443,0.0120706969270827,"PIK3R1","ENSG00000145675","ENSG00000145675.16","PIK3R1"
"227","ENSSSCG00000016983",227.84909123231,1.88689415779364,0.43597730226685,7.32679336217506e-07,7.34507224957268e-05,"STC2","ENSG00000113739","ENSG00000113739.11","STC2"
"228","ENSSSCG00000016991",2289.17392431366,1.94319245309313,0.559058135662572,2.06604355978824e-05,0.00099364110188902,"DUSP1","ENSG00000120129","ENSG00000120129.6","DUSP1"
"229","ENSSSCG00000017003",10.9214869010107,2.68726879004251,2.38334616224743,0.00384488154804627,0.0435745576877564,"KCNIP1","ENSG00000182132","ENSG00000182132.14","KCNIP1"
"230","ENSSSCG00000017082",6285.55980344376,1.21878870986259,0.367771348712822,7.06614361650497e-05,0.00266524016140862,"SPARC","ENSG00000113140","ENSG00000113140.11","SPARC"
"231","ENSSSCG00000017094",1955.43667917488,1.04642878850471,0.252138325532235,3.87202272296734e-06,0.000266803485736393,"MARCHF6","ENSG00000145495","ENSG00000145495.16","MARCHF6"
"232","ENSSSCG00000017095",91.2213921204806,2.27570604971812,0.522904808640765,5.47732511920224e-07,5.73424495490405e-05,"SEMA5A","ENSG00000112902","ENSG00000112902.12","SEMA5A"
"233","ENSSSCG00000017103",435.693946513371,1.04849891526892,0.435781158104108,0.001348376820843,0.0215797232923599,"SRD5A1","ENSG00000145545","ENSG00000145545.12","SRD5A1"
"234","ENSSSCG00000017178",183.79310404593,1.43075704038834,0.583870583794172,0.00067098910964842,0.0131213339924953,"SPHK1","ENSG00000176170","ENSG00000176170.14","SPHK1"
"235","ENSSSCG00000017202",12060.6325256942,1.57041593522214,0.313929310896209,3.61312231432487e-08,6.45896742774925e-06,"","ENSG00000163041","ENSG00000163041.13","H3-3A"
"236","ENSSSCG00000017261",216.207929564724,1.22683305749743,0.314274150126618,7.91484655692032e-06,0.000476121991768518,"ARSG","ENSG00000141337","ENSG00000141337.13","ARSG"
"237","ENSSSCG00000017358",73.3479624807567,1.40623344553797,0.9975738736183,0.00425011561400958,0.0465792022960483,"SLC4A1","ENSG00000004939","ENSG00000004939.16","SLC4A1"
"238","ENSSSCG00000017444",99.8078317571099,3.84227634245862,1.91182327455122,0.000395784763710876,0.00907957080818086,"KRT15","ENSG00000171346","ENSG00000171346.16","KRT15"
"239","ENSSSCG00000017747",232.447631825899,1.16278473726754,0.470715411275778,0.000938722137210565,0.016712496838823,"RAB11FIP4","ENSG00000131242","ENSG00000131242.18","RAB11FIP4"
"240","ENSSSCG00000017920",653.948904626745,1.19919416559056,0.280266712880693,1.67229056469355e-06,0.000142484022208577,"","ENSG00000161921","ENSG00000161921.17","CXCL16"
"241","ENSSSCG00000017951",119.818269049135,1.15364726082682,0.453387521271889,0.000807539767132075,0.0151806260390731,"ATP1B2","ENSG00000129244","ENSG00000129244.9","ATP1B2"
"242","ENSSSCG00000017983",4703.54862983423,1.53514758033964,0.394714611448501,5.83759965997609e-06,0.000375043831437055,"PER1","ENSG00000179094","ENSG00000179094.16","PER1"
"243","ENSSSCG00000017998",26.67224556321,1.54148670853957,0.788035290272873,0.00190779375373062,0.0272630345697145,"GLP2R","ENSG00000065325","ENSG00000065325.13","GLP2R"
"244","ENSSSCG00000018044",127.298771731878,1.31386498758756,0.683940203447641,0.00240675939216692,0.0321619772370741,"ALDH3A1","ENSG00000108602","ENSG00000108602.18","ALDH3A1"
"245","ENSSSCG00000020680",47.5091453503576,1.51067776143201,0.96865501881344,0.00338195462775451,0.0399316363499315,"CLDN14","ENSG00000159261","ENSG00000159261.12","CLDN14"
"246","ENSSSCG00000020705",80.5687560885944,1.79253649932517,0.476591677828971,8.46495839784012e-06,0.000499696251341659,"MAP3K8","ENSG00000107968","ENSG00000107968.10","MAP3K8"
"247","ENSSSCG00000020927",504.227461498497,1.19165632765232,0.386939248565038,0.000158896552313215,0.00474162325950096,"SLC2A2","ENSG00000163581","ENSG00000163581.14","SLC2A2"
"248","ENSSSCG00000021084",2721.25871806973,1.29093232877415,0.602287746748634,0.0016083683643411,0.0242265279299679,"S100A6","ENSG00000197956","ENSG00000197956.10","S100A6"
"249","ENSSSCG00000021105",8.88736346462792,4.1072243730138,1.93765230914159,0.00100759055477459,0.0175808779212005,"DPEP2","ENSG00000167261","ENSG00000167261.14","DPEP2"
"250","ENSSSCG00000021149",71.179791026063,1.22062495647656,0.470398070833241,0.000657315972442398,0.0130347739972859,"RNF217","ENSG00000146373","ENSG00000146373.17","RNF217"
"251","ENSSSCG00000021305",9.56036060509396,4.00586662651553,2.21189532209195,0.0015359444956444,0.0235093798448835,"","ENSG00000114374","ENSG00000114374.13","USP9Y"
"252","ENSSSCG00000021355",2153.1364875759,1.23653811798416,0.308345851967071,4.80109518535062e-06,0.00031698938211571,"SOD1","ENSG00000142168","ENSG00000142168.15","SOD1"
"253","ENSSSCG00000021386",1033.05269771486,1.2942830608567,0.396094627511352,7.45695499099451e-05,0.00275980156492881,"PTGR1","ENSG00000106853","ENSG00000106853.20","PTGR1"
"254","ENSSSCG00000021443",3837.07994571002,1.89698387338596,0.277636648099892,4.41127920366037e-13,5.57262197534402e-10,"SGK1","ENSG00000118515","ENSG00000118515.12","SGK1"
"255","ENSSSCG00000021534",600.147172817224,1.19146249894804,0.565105480033021,0.00201803562045391,0.0283888321989466,"","ENSG00000115194","ENSG00000115194.11","SLC30A3"
"256","ENSSSCG00000021569",83.3374982927602,1.14644738803222,0.57649165706657,0.00287583864033346,0.0360346707587561,"MMP25","ENSG00000008516","ENSG00000008516.18","MMP25"
"257","ENSSSCG00000021598",166.955735446876,1.55495558414012,0.6725263621148,0.00081673070923641,0.015292717598143,"EVA1C","ENSG00000166979","ENSG00000166979.13","EVA1C"
"258","ENSSSCG00000021646",2355.10536282043,2.09591611050787,0.328762348439884,8.49689448222195e-12,6.18695529630787e-09,"KLF9","ENSG00000119138","ENSG00000119138.5","KLF9"
"259","ENSSSCG00000021902",20.5058010668435,1.60763389202075,5.97671663824807,0.00449518793963846,0.0483278724080567,"GABRP","ENSG00000094755","ENSG00000094755.17","GABRP"
"260","ENSSSCG00000021988",368.295966513233,1.14541012155514,0.357664892204257,0.000116912461172708,0.00388452629149036,"TUSC3","ENSG00000104723","ENSG00000104723.21","TUSC3"
"261","ENSSSCG00000021998",8.61515622409766,3.3532524704026,1.60395687544712,0.0019454497679778,0.0276041362313183,"","ENSG00000111700","ENSG00000111700.13","SLCO1B3"
"262","ENSSSCG00000021998",8.61515622409766,3.3532524704026,1.60395687544712,0.0019454497679778,0.0276041362313183,"","ENSG00000134538","ENSG00000134538.3","SLCO1B1"
"263","ENSSSCG00000022202",35.1883680578524,1.60005700655926,0.61190252096769,0.000437371073460231,0.00981960245378901,"TOX2","ENSG00000124191","ENSG00000124191.18","TOX2"
"264","ENSSSCG00000022230",1747.45034392103,1.45420114418538,0.457867557960987,8.28567686381959e-05,0.00298489146183493,"CD9","ENSG00000010278","ENSG00000010278.15","CD9"
"265","ENSSSCG00000022256",386.642245498901,1.21247149225243,0.440516644695306,0.000411607478432156,0.00940838372594804,"DEPP1","ENSG00000165507","ENSG00000165507.9","DEPP1"
"266","ENSSSCG00000022419",923.371331096109,2.15684550594655,0.326353311837718,1.82685278225712e-12,1.64843016052334e-09,"FEM1B","ENSG00000169018","ENSG00000169018.6","FEM1B"
"267","ENSSSCG00000022447",587.763074308608,1.29068411095492,0.48102109433179,0.000442517266340703,0.00992338423655618,"F3","ENSG00000117525","ENSG00000117525.14","F3"
"268","ENSSSCG00000022635",865.491116700372,1.10618334823869,0.416973112122041,0.000641576305720858,0.0129332227841538,"BEX4","ENSG00000102409","ENSG00000102409.10","BEX4"
"269","ENSSSCG00000022674",2926.0364265079,1.35486284252251,0.345585405232146,6.19234019665779e-06,0.000392436971192202,"DAZAP2","ENSG00000183283","ENSG00000183283.16","DAZAP2"
"270","ENSSSCG00000022689",1071.39114803053,1.72049498494441,0.469252410145789,1.24001358196626e-05,0.000669582746026092,"GADD45B","ENSG00000099860","ENSG00000099860.9","GADD45B"
"271","ENSSSCG00000022988",36.5968986348171,2.12205874225045,0.839375492632892,0.000335411391480918,0.00806562240757858,"TSPEAR","ENSG00000175894","ENSG00000175894.18","TSPEAR"
"272","ENSSSCG00000023128",9.44756996934163,6.12001060994461,2.91273526371098,0.0001329881790825,0.00423173564833468,"IGF2BP1","ENSG00000159217","ENSG00000159217.10","IGF2BP1"
"273","ENSSSCG00000023174",126.862641989703,1.44060243993153,0.7039714040242,0.00163562436779521,0.0244620727271914,"USP53","ENSG00000145390","ENSG00000145390.12","USP53"
"274","ENSSSCG00000023298",1047.00601819558,3.61106900491085,0.533460677097272,3.52432071564128e-13,5.13710409543743e-10,"SRXN1","ENSG00000271303","ENSG00000271303.2","SRXN1"
"275","ENSSSCG00000023324",268.073313164984,2.1587812330207,0.434903609435527,3.01802176250653e-08,5.77661559371074e-06,"KMT2A","ENSG00000118058","ENSG00000118058.24","KMT2A"
"276","ENSSSCG00000023333",99.434033428973,1.62750842501051,0.633058423454553,0.00043078936537834,0.00970633494001684,"FCN2","ENSG00000160339","ENSG00000160339.16","FCN2"
"277","ENSSSCG00000023366",144.577181995907,1.72858822721215,0.538814505008303,5.98780957954797e-05,0.00231557150454805,"OARD1","ENSG00000124596","ENSG00000124596.17","OARD1"
"278","ENSSSCG00000023527",58.6755902853332,1.1163827363064,0.526242287921726,0.00234989233836808,0.0317151780055105,"NRROS","ENSG00000174004","ENSG00000174004.6","NRROS"
"279","ENSSSCG00000023630",124.449501005924,2.4262936336382,0.674071362396274,1.01722127855054e-05,0.000584100788098613,"CPM","ENSG00000135678","ENSG00000135678.12","CPM"
"280","ENSSSCG00000023837",773.965649541024,1.29680822292214,0.32257681920824,4.37742767485143e-06,0.00029624241789557,"WFDC1","ENSG00000103175","ENSG00000103175.11","WFDC1"
"281","ENSSSCG00000023921",37.1230275430737,2.14105081124291,0.594965894914944,1.45258274501556e-05,0.000745934700143629,"VSTM2B","ENSG00000187135","ENSG00000187135.8","VSTM2B"
"282","ENSSSCG00000023956",3195.24660678975,1.94401414012231,0.3386320415942,4.62842147735737e-10,1.66078364459416e-07,"NEDD9","ENSG00000111859","ENSG00000111859.17","NEDD9"
"283","ENSSSCG00000024061",417.700491480878,2.00712272335158,0.393399934335359,1.57892836876853e-08,3.3616981640219e-06,"TNNI1","ENSG00000159173","ENSG00000159173.19","TNNI1"
"284","ENSSSCG00000024132",522.128927685175,1.83930496422796,0.406664463645795,2.99043347836215e-07,3.58643822667622e-05,"TMEM47","ENSG00000147027","ENSG00000147027.4","TMEM47"
"285","ENSSSCG00000024486",299.546823821258,1.22528996999877,0.310116723910298,6.53977385637765e-06,0.000406302212473771,"HOOK3","ENSG00000168172","ENSG00000168172.9","HOOK3"
"286","ENSSSCG00000024596",184.920253129649,1.27475793059712,0.478997073965452,0.000486250901173851,0.0106274144479161,"NOCT","ENSG00000151014","ENSG00000151014.6","NOCT"
"287","ENSSSCG00000024633",19.3618097334701,3.35405823076092,1.17959459673886,0.000157439790700068,0.00471299619901356,"JAKMIP3","ENSG00000188385","ENSG00000188385.13","JAKMIP3"
"288","ENSSSCG00000024669",2521.84728740479,1.00660133966811,0.466678001944263,0.00260962855649719,0.0339810288073419,"NBL1","ENSG00000158747","ENSG00000158747.15","NBL1"
"289","ENSSSCG00000025343",569.655304788293,1.50130432619262,0.372088233929989,3.32880001796322e-06,0.000238929664925701,"ZNF628","ENSG00000197483","ENSG00000197483.10","ZNF628"
"290","ENSSSCG00000025406",397.780061749899,1.2191269487062,0.383395509518693,0.000111003506995364,0.00376280045448149,"PIK3C2A","ENSG00000011405","ENSG00000011405.14","PIK3C2A"
"291","ENSSSCG00000025592",6.7571902314443,5.41720237275362,2.88982401107317,0.000379180718375702,0.00879448645348982,"TP63","ENSG00000073282","ENSG00000073282.14","TP63"
"292","ENSSSCG00000025810",103.470067041545,1.2501288707749,0.442922056197021,0.000330474292390866,0.00799764670052941,"KCNAB1","ENSG00000169282","ENSG00000169282.18","KCNAB1"
"293","ENSSSCG00000025858",363.872928827958,1.23061754171589,0.580692238072199,0.00184905850614084,0.0267095378625681,"ELN","ENSG00000049540","ENSG00000049540.19","ELN"
"294","ENSSSCG00000025881",1841.49310919247,1.04523546586981,0.370315188143482,0.000445257363353718,0.00993778772460496,"PDHB","ENSG00000168291","ENSG00000168291.13","PDHB"
"295","ENSSSCG00000026006",1880.05583180433,1.47111630212721,0.355620813464114,2.22063463766116e-06,0.000174600853730462,"KLF13","ENSG00000169926","ENSG00000169926.11","KLF13"
"296","ENSSSCG00000026043",150.299813612159,2.95551573371166,0.654641196581654,2.07977843204613e-07,2.69852640664765e-05,"TGM3","ENSG00000125780","ENSG00000125780.12","TGM3"
"297","ENSSSCG00000026407",213.534474516438,1.78230818837909,0.601473890634067,0.000122497685322231,0.00399383452838435,"NCCRP1","ENSG00000188505","ENSG00000188505.5","NCCRP1"
"298","ENSSSCG00000026465",218.488631968938,1.17013618697946,0.379227293308489,0.000165464603252356,0.00489140213265039,"BABAM2","ENSG00000158019","ENSG00000158019.21","BABAM2"
"299","ENSSSCG00000027030",312.069311796405,2.23506086895591,0.408179441804183,1.86560812624186e-09,5.35627399759956e-07,"BDKRB2","ENSG00000168398","ENSG00000168398.7","BDKRB2"
"300","ENSSSCG00000027121",2422.29684184274,1.24236652909407,0.405101051002629,0.000153992260612304,0.00464921914230829,"ODC1","ENSG00000115758","ENSG00000115758.14","ODC1"
"301","ENSSSCG00000027130",504.417637756824,2.13739684831061,0.577380495043107,8.14685096579088e-06,0.000486986368929878,"TNFRSF12A","ENSG00000006327","ENSG00000006327.14","TNFRSF12A"
"302","ENSSSCG00000027287",1133.77456471004,1.01142771939555,0.273846253336576,2.53899773471247e-05,0.00115375223201598,"PEDS1","ENSG00000240849","ENSG00000240849.11","PEDS1"
"303","ENSSSCG00000027294",2143.18007781444,1.21963567971338,0.300767608979683,4.30652562457914e-06,0.000293540841942986,"CDV3","ENSG00000091527","ENSG00000091527.17","CDV3"
"304","ENSSSCG00000027505",114.405780532356,1.36315780112645,0.415407525965568,6.71363750285303e-05,0.00255455255103538,"ESYT3","ENSG00000158220","ENSG00000158220.14","ESYT3"
"305","ENSSSCG00000027847",128.103613987519,1.10286652033928,0.489626457616105,0.00178748975378201,0.0260688701517163,"CSKMT","ENSG00000214756","ENSG00000214756.8","CSKMT"
"306","ENSSSCG00000027922",54.3810178594705,1.81103314580516,0.966153851791677,0.00153808274322779,0.0235231072650713,"UNC5CL","ENSG00000124602","ENSG00000124602.10","UNC5CL"
"307","ENSSSCG00000027992",87.542260333165,1.14246004922434,0.47695322142274,0.0012235171403967,0.0201250864147707,"MST1R","ENSG00000164078","ENSG00000164078.14","MST1R"
"308","ENSSSCG00000028056",1299.69929143837,2.42563427735294,0.540830437776103,2.83089231365881e-07,3.52040211977066e-05,"ZFP36","ENSG00000128016","ENSG00000128016.7","ZFP36"
"309","ENSSSCG00000028538",572.236854762801,1.27624123393279,0.414571181048829,0.00014107182915202,0.00440390459736675,"RLIM","ENSG00000131263","ENSG00000131263.13","RLIM"
"310","ENSSSCG00000028558",548.137929447555,1.11106155098913,0.337089535013522,8.11088389473305e-05,0.00294312774810606,"SGPP1","ENSG00000126821","ENSG00000126821.8","SGPP1"
"311","ENSSSCG00000028567",140.848579389673,1.22656468791826,0.628601552391253,0.00261461501932052,0.0339810288073419,"BTNL9","ENSG00000165810","ENSG00000165810.17","BTNL9"
"312","ENSSSCG00000028623",313.550534687785,1.13790173877601,0.360249186927166,0.000135369529683788,0.00427519536329683,"RARRES1","ENSG00000118849","ENSG00000118849.10","RARRES1"
"313","ENSSSCG00000028699",65.9685685355081,3.26967630957607,0.49164911428809,1.54348858665916e-12,1.5393455383476e-09,"NEIL2","ENSG00000154328","ENSG00000154328.16","NEIL2"
"314","ENSSSCG00000029212",953.079780184777,1.18858065500121,0.399509615251683,0.000220766768831432,0.00604079346175224,"GDE1","ENSG00000006007","ENSG00000006007.12","GDE1"
"315","ENSSSCG00000029347",146.752472237314,1.64139643988259,0.459629651548502,1.80676183688911e-05,0.000886951555627249,"ZNF791","ENSG00000173875","ENSG00000173875.14","ZNF791"
"316","ENSSSCG00000029352",5065.38045740327,1.21743106003453,0.471942417398794,0.000649134084224236,0.0129821795979521,"CCNL1","ENSG00000163660","ENSG00000163660.12","CCNL1"
"317","ENSSSCG00000029419",30.4129916143148,8.52353435119203,2.91034688287625,1.0691334887364e-07,1.58273519359891e-05,"SCN11A","ENSG00000168356","ENSG00000168356.13","SCN11A"
"318","ENSSSCG00000029507",442.35313226025,1.14235458025485,0.346788911863171,8.64251099837744e-05,0.00305821517472707,"RASGEF1B","ENSG00000138670","ENSG00000138670.19","RASGEF1B"
"319","ENSSSCG00000029592",110.58847227503,1.58300295809911,0.576013110497067,0.000275026537611057,0.00706162311814624,"GPRC5A","ENSG00000013588","ENSG00000013588.9","GPRC5A"
"320","ENSSSCG00000029598",118.247721097403,1.85023498900629,0.468074063666503,3.79976497644035e-06,0.000263742661313437,"FAM124A","ENSG00000150510","ENSG00000150510.17","FAM124A"
"321","ENSSSCG00000029715",286.4808217516,1.12699107019146,0.468164021203676,0.0012004896104117,0.0198673167054073,"OLFM1","ENSG00000130558","ENSG00000130558.20","OLFM1"
"322","ENSSSCG00000029849",316.426844392196,1.92376035402591,0.444350549196022,6.7347410513218e-07,6.89819503683766e-05,"S1PR1","ENSG00000170989","ENSG00000170989.10","S1PR1"
"323","ENSSSCG00000029945",192.959409878871,1.49778138293064,0.520284599946296,0.000200358990623737,0.00565812595131027,"GCAT","ENSG00000100116","ENSG00000100116.17","GCAT"
"324","ENSSSCG00000030095",230.367118117898,2.81332790559782,0.471622500323476,8.18151672017771e-11,4.30643223140687e-08,"ZBTB16","ENSG00000109906","ENSG00000109906.15","ZBTB16"
"325","ENSSSCG00000030165",649.500523750115,2.22977286471984,0.556486086182399,2.21340004469621e-06,0.000174600853730462,"MAFF","ENSG00000185022","ENSG00000185022.12","MAFF"
"326","ENSSSCG00000030269",14.4333617584868,2.39372148967745,1.89653765329631,0.00279881442611708,0.0354510257757304,"","ENSG00000167080","ENSG00000167080.9","B4GALNT2"
"327","ENSSSCG00000030300",1506.12444973925,1.7619865157593,0.586653981425524,0.000106850793798684,0.00363503714845828,"MT1X","ENSG00000187193","ENSG00000187193.9","MT1X"
"328","ENSSSCG00000030921",3198.91568930639,1.24383572944491,0.428484994017276,0.00025282037081009,0.00665374056455611,"APOA1","ENSG00000118137","ENSG00000118137.10","APOA1"
"329","ENSSSCG00000031154",163.691465242617,3.23527018086465,0.704307236532016,1.21958078468972e-07,1.76670775197622e-05,"ACKR2","ENSG00000144648","ENSG00000144648.16","ACKR2"
"330","ENSSSCG00000031262",12756.647134455,1.33559784799879,0.340466126829964,6.28430726345731e-06,0.00039561906423672,"TXNIP","ENSG00000265972","ENSG00000265972.6","TXNIP"
"331","ENSSSCG00000031321",1178.29987513398,1.84158042987177,1.28103692151872,0.00246408756561908,0.0327433346990996,"NR4A1","ENSG00000123358","ENSG00000123358.20","NR4A1"
"332","ENSSSCG00000031649",158.951788588539,1.22339520162027,0.578345017968392,0.00191895973314176,0.0273813011922463,"RNASE1","ENSG00000129538","ENSG00000129538.14","RNASE1"
"333","ENSSSCG00000031712",44.6835144958445,2.3982311576143,0.964902372152775,0.000314698765774941,0.00772438719257688,"MFAP5","ENSG00000197614","ENSG00000197614.11","MFAP5"
"334","ENSSSCG00000031724",270.019492290978,1.46532454636248,0.590694964135598,0.000606452482869755,0.0124879445031014,"LYNX1","ENSG00000180155","ENSG00000180155.20","LYNX1"
"335","ENSSSCG00000031856",625.740832768503,1.58516113281917,0.420760066649379,8.9353263636658e-06,0.00052102643097987,"DACT1","ENSG00000165617","ENSG00000165617.16","DACT1"
"336","ENSSSCG00000031866",9521.11861693194,1.61793678375164,0.408415701353483,5.25541674409644e-06,0.000344584400982295,"TIMP3","ENSG00000100234","ENSG00000100234.12","TIMP3"
"337","ENSSSCG00000031874",175.769970365235,1.83614726077143,0.624301084618236,0.000124418978304898,0.00404393691234909,"REM2","ENSG00000139890","ENSG00000139890.10","REM2"
"338","ENSSSCG00000031888",1713.9583461588,1.40970506764982,0.379199154521661,1.28942886149395e-05,0.000687629526178521,"DDIT4","ENSG00000168209","ENSG00000168209.6","DDIT4"
"339","ENSSSCG00000031988",8.73003963229917,6.16914404591597,2.73858986829496,4.74058351730908e-05,0.00188717052666995,"MYOCD","ENSG00000141052","ENSG00000141052.18","MYOCD"
"340","ENSSSCG00000032115",1365.54054331577,3.87756694093172,0.55558494155448,8.45910661594533e-14,2.00364514081935e-10,"OSGIN1","ENSG00000140961","ENSG00000140961.14","OSGIN1"
"341","ENSSSCG00000032123",73.9117758831529,1.52084898061751,0.483384918981574,9.06906257282227e-05,0.00316481890777917,"SPX","ENSG00000134548","ENSG00000134548.11","SPX"
"342","ENSSSCG00000032367",6689.53807232045,2.23798606445933,0.364416019652333,3.90723841013833e-11,2.38833098818423e-08,"CEBPD","ENSG00000221869","ENSG00000221869.5","CEBPD"
"343","ENSSSCG00000032398",43.4642909933565,1.72453642390976,0.597662081520358,0.000173747324000784,0.00506513544998593,"VGLL3","ENSG00000206538","ENSG00000206538.9","VGLL3"
"344","ENSSSCG00000032527",237.804562094606,1.9148522668468,0.658339911657866,0.000130186350855931,0.00417411364191037,"FOSL2","ENSG00000075426","ENSG00000075426.12","FOSL2"
"345","ENSSSCG00000032580",1937.41026256235,1.13168229338733,0.442902663120554,0.000801632657402149,0.0151003066726002,"MGST1","ENSG00000008394","ENSG00000008394.13","MGST1"
"346","ENSSSCG00000032740",2348.94073956322,1.01036624329656,0.336957521585929,0.0002823705054069,0.00718206537846355,"TMEM106B","ENSG00000106460","ENSG00000106460.20","TMEM106B"
"347","ENSSSCG00000032843",34.051407614677,2.38227391714958,0.840695305134342,0.000147135501766576,0.00453344816743877,"AHRR","ENSG00000063438","ENSG00000063438.20","AHRR"
"348","ENSSSCG00000032846",1562.40130843164,1.07965601185645,0.242186549376198,9.06497833237219e-07,8.63177258392566e-05,"BPNT2","ENSG00000104331","ENSG00000104331.9","BPNT2"
"349","ENSSSCG00000032936",2159.76980922434,1.17151207681025,0.340719336685007,4.93404439050663e-05,0.00195188323915888,"PIM3","ENSG00000198355","ENSG00000198355.5","PIM3"
"350","ENSSSCG00000033003",2399.50623160982,1.21008137134938,0.382187196484176,0.00011705443624682,0.00388452629149036,"WFDC2","ENSG00000101443","ENSG00000101443.18","WFDC2"
"351","ENSSSCG00000033189",2737.85143139875,1.81890821328383,0.376923189329627,7.038952434855e-08,1.13034838718701e-05,"","ENSG00000198643","ENSG00000198643.7","FAM3D"
"352","ENSSSCG00000033190",3313.83927843279,1.68527006117645,0.486530956673936,2.5200451237172e-05,0.00115065867588716,"AQP1","ENSG00000240583","ENSG00000240583.14","AQP1"
"353","ENSSSCG00000033452",20.7090628825909,2.10010592891289,1.48638884565523,0.00271841657903866,0.0348284487871558,"","ENSG00000117983","ENSG00000117983.17","MUC5B"
"354","ENSSSCG00000033591",469.717505566013,1.01694844478435,0.408160796799044,0.00116210348810549,0.0194529143075185,"CHD9","ENSG00000177200","ENSG00000177200.18","CHD9"
"355","ENSSSCG00000033807",103.448054314758,1.06839964844368,0.513891535221841,0.00275562545178664,0.0351181211715667,"C14orf132","ENSG00000227051","ENSG00000227051.7","C14orf132"
"356","ENSSSCG00000033830",185.211477743636,1.28857587145047,0.366467954264863,3.25143570571246e-05,0.00141961878312317,"CCDC8","ENSG00000169515","ENSG00000169515.9","CCDC8"
"357","ENSSSCG00000034167",52.1291403028618,2.96307290306327,0.974999032349644,5.61787247906489e-05,0.00219039229641565,"SLC5A3","ENSG00000198743","ENSG00000198743.7","SLC5A3"
"358","ENSSSCG00000034197",1167.90726368036,1.49429133382079,0.247133210499375,1.03122343882176e-10,5.28125755195502e-08,"EDEM1","ENSG00000134109","ENSG00000134109.11","EDEM1"
"359","ENSSSCG00000034207",1666.95193308444,1.83185297346876,0.393420619209099,1.57499194232365e-07,2.13175159393506e-05,"CEBPB","ENSG00000172216","ENSG00000172216.6","CEBPB"
"360","ENSSSCG00000034213",68.1980153507834,2.74286696574985,0.632892418292465,5.44084429788139e-07,5.73424495490405e-05,"ACER2","ENSG00000177076","ENSG00000177076.6","ACER2"
"361","ENSSSCG00000034356",21.2732590110235,8.02190503817526,2.74699510923558,4.41474613463332e-08,7.74583560233026e-06,"","ENSG00000242950","ENSG00000242950.7","ERVW-1"
"362","ENSSSCG00000034657",20.3833091038584,2.2776594869821,1.75691266573984,0.00275695684086088,0.0351181211715667,"LHX3","ENSG00000107187","ENSG00000107187.17","LHX3"
"363","ENSSSCG00000034692",1758.45499466979,1.03906758606369,0.315982275099784,0.000114049395699855,0.00383177659417828,"SH3BP4","ENSG00000130147","ENSG00000130147.16","SH3BP4"
"364","ENSSSCG00000034709",2569.69925534718,1.07485452631092,0.322501654046571,8.37222763086876e-05,0.00299447742852613,"","ENSG00000100664","ENSG00000100664.11","EIF5"
"365","ENSSSCG00000034756",34.6998757046671,1.52656131511719,0.599772984861238,0.000559309527102723,0.0117567498487189,"PLB1","ENSG00000163803","ENSG00000163803.13","PLB1"
"366","ENSSSCG00000034763",1044.2723947481,1.77991674599867,0.350116482455089,2.35325718666103e-08,4.64498650312914e-06,"IRS2","ENSG00000185950","ENSG00000185950.9","IRS2"
"367","ENSSSCG00000034868",1477.86450681847,1.48219180953218,0.307542779646964,1.02502749221555e-07,1.56273477765895e-05,"VAMP2","ENSG00000220205","ENSG00000220205.9","VAMP2"
"368","ENSSSCG00000035037",2617.9502656419,2.89626250913772,0.398474429619659,1.48131124035927e-14,4.67822778226131e-11,"SIK1","ENSG00000142178","ENSG00000142178.9","SIK1"
"369","ENSSSCG00000035212",917.398062202907,1.18805388823445,0.457851625747865,0.000651429077253648,0.0129936100893467,"KLF6","ENSG00000067082","ENSG00000067082.15","KLF6"
"370","ENSSSCG00000035249",993.577805851588,1.6082656856458,0.486005007439156,4.95330696924688e-05,0.0019554211200054,"GADD45G","ENSG00000130222","ENSG00000130222.11","GADD45G"
"371","ENSSSCG00000035299",242.480907421922,1.1655249612132,0.694719469620119,0.00444163491309261,0.0480068311737605,"SFRP4","ENSG00000106483","ENSG00000106483.12","SFRP4"
"372","ENSSSCG00000035357",733.797452804207,1.1649249108673,0.39581982839956,0.000253206453914102,0.00665465893927644,"BCL2L1","ENSG00000171552","ENSG00000171552.14","BCL2L1"
"373","ENSSSCG00000035446",2447.560013212,1.32743764250264,0.324859267630995,3.20676049397247e-06,0.000231927116794978,"CAVIN1","ENSG00000177469","ENSG00000177469.13","CAVIN1"
"374","ENSSSCG00000035582",278.397253647025,1.14141343258188,0.433483655124203,0.000638356810698081,0.0128946151254825,"GIPC2","ENSG00000137960","ENSG00000137960.6","GIPC2"
"375","ENSSSCG00000035669",82.4228197242237,1.44094653787,0.599247915669226,0.000781806023331935,0.0148144423361168,"","ENSG00000185567","ENSG00000185567.7","AHNAK2"
"376","ENSSSCG00000035774",256.534831139592,1.28194588214302,0.447911063475968,0.000273740421565978,0.00704881921608505,"ERRFI1","ENSG00000116285","ENSG00000116285.13","ERRFI1"
"377","ENSSSCG00000035867",68.3219927386183,2.30358264964243,0.472872169132721,5.0529276239321e-08,8.54892192374011e-06,"GFOD1","ENSG00000145990","ENSG00000145990.11","GFOD1"
"378","ENSSSCG00000035878",358.1891330681,1.10891201000384,0.564995872350639,0.00312881396294572,0.0380863195691988,"FOXD1","ENSG00000251493","ENSG00000251493.5","FOXD1"
"379","ENSSSCG00000035891",646.884766103699,1.83728759777815,0.41431839854274,4.43296176993389e-07,5.0000114630046e-05,"ADGRB1","ENSG00000181790","ENSG00000181790.12","ADGRB1"
"380","ENSSSCG00000035972",11.4646017185642,2.35859198818943,1.67557377780061,0.00320495965943997,0.038601133298052,"TULP1","ENSG00000112041","ENSG00000112041.13","TULP1"
"381","ENSSSCG00000036109",15.4078962166407,7.17194570075066,2.89840159731325,1.18655592532222e-05,0.000647955280372644,"","ENSG00000101197","ENSG00000101197.13","BIRC7"
"382","ENSSSCG00000036136",1208.08145915662,1.98951876425858,0.437752134704932,2.39967600114094e-07,3.07239598281214e-05,"BHLHE40","ENSG00000134107","ENSG00000134107.5","BHLHE40"
"383","ENSSSCG00000036145",38.0384594068697,1.80068644423233,0.632234929055959,0.00018920906500222,0.00537529621098511,"PRKAA2","ENSG00000162409","ENSG00000162409.12","PRKAA2"
"384","ENSSSCG00000036441",6.17607133739997,5.30193098279233,2.8307707609075,0.000381030077989826,0.00881407459549044,"PMP2","ENSG00000147588","ENSG00000147588.7","PMP2"
"385","ENSSSCG00000036723",2770.25712825369,1.11156891416271,0.331764402530491,7.40964170083278e-05,0.00274765754577457,"EMP1","ENSG00000134531","ENSG00000134531.10","EMP1"
"386","ENSSSCG00000036742",826.630510386142,2.3250747736001,0.400347112346155,2.69208210988779e-10,1.21457771191104e-07,"KLF15","ENSG00000163884","ENSG00000163884.4","KLF15"
"387","ENSSSCG00000036766",73.6498950653273,1.38178863526509,0.535162358026663,0.000542367245688795,0.0114830356855385,"SLC49A4","ENSG00000138463","ENSG00000138463.9","SLC49A4"
"388","ENSSSCG00000036787",402.866665045331,2.40027128951627,0.577721972650701,1.13437707195914e-06,0.000104346170565795,"APOLD1","ENSG00000178878","ENSG00000178878.13","APOLD1"
"389","ENSSSCG00000036885",322.500391696171,1.09983427997061,0.288519280452733,1.3825594762181e-05,0.000719728558100459,"ZNF654","ENSG00000175105","ENSG00000175105.8","ZNF654"
"390","ENSSSCG00000036956",442.104189292066,1.3636941981258,0.593675747963783,0.00104056577267838,0.0179857043171768,"SOCS3","ENSG00000184557","ENSG00000184557.4","SOCS3"
"391","ENSSSCG00000036984",60.2046536237413,3.78159128045094,0.777470673660642,3.30794591393556e-08,6.14532030619265e-06,"GALR1","ENSG00000166573","ENSG00000166573.6","GALR1"
"392","ENSSSCG00000037065",834.953745046762,1.16932529232303,0.438906342632736,0.00055987909030485,0.0117567498487189,"EMP2","ENSG00000213853","ENSG00000213853.10","EMP2"
"393","ENSSSCG00000037106",105.42638652918,1.0043839499671,0.455922426272863,0.00243113243785972,0.0323507925316038,"ECRG4","ENSG00000119147","ENSG00000119147.10","ECRG4"
"394","ENSSSCG00000037195",19.5258033577251,2.63743729392582,1.61653927561298,0.00176756477869905,0.0258837596534531,"FOXF2","ENSG00000137273","ENSG00000137273.6","FOXF2"
"395","ENSSSCG00000037241",215.841366932039,1.1090770215332,0.519277246182096,0.00221486012768648,0.0302975548476798,"RGS2","ENSG00000116741","ENSG00000116741.8","RGS2"
"396","ENSSSCG00000037420",103.293017472787,1.06266524492934,0.48685202351288,0.0022173602346377,0.0302975548476798,"TMEM170B","ENSG00000205269","ENSG00000205269.6","TMEM170B"
"397","ENSSSCG00000037431",281.253258020312,1.22871471780455,0.387962978998413,0.000114998567098433,0.00385682804946585,"TIMM17A","ENSG00000134375","ENSG00000134375.11","TIMM17A"
"398","ENSSSCG00000037524",48.7431061827263,8.97421371371361,3.32331233166119,3.82281000569753e-06,0.00026437382043052,"LY6D","ENSG00000167656","ENSG00000167656.5","LY6D"
"399","ENSSSCG00000037582",22.2630930359962,1.83520851332205,8.6558570101176,0.00372411654536209,0.0426910371555149,"F2RL2","ENSG00000164220","ENSG00000164220.7","F2RL2"
"400","ENSSSCG00000037815",289.720078023995,1.27347022528386,0.535326898562614,0.000978961512105177,0.0172561318073312,"ZC3H12A","ENSG00000163874","ENSG00000163874.11","ZC3H12A"
"401","ENSSSCG00000037821",638.868934121858,1.32872872789876,0.424933334840869,0.000112470246345058,0.00380571196070091,"RGS5","ENSG00000143248","ENSG00000143248.13","RGS5"
"402","ENSSSCG00000038187",442.927106153016,1.16917450685728,0.352957360301464,7.8969552061309e-05,0.00290561949904805,"","ENSG00000106392","ENSG00000106392.11","C1GALT1"
"403","ENSSSCG00000038188",13.3461533544423,3.23925328108474,1.40384133864879,0.000757686470972183,0.014400602746692,"","ENSG00000243709","ENSG00000243709.1","LEFTY1"
"404","ENSSSCG00000038188",13.3461533544423,3.23925328108474,1.40384133864879,0.000757686470972183,0.014400602746692,"","ENSG00000143768","ENSG00000143768.13","LEFTY2"
"405","ENSSSCG00000038285",991.046600896123,1.06179779077447,0.395393400887072,0.000636634380578086,0.0128884453820237,"KLHL36","ENSG00000135686","ENSG00000135686.13","KLHL36"
"406","ENSSSCG00000038439",167.866652804994,1.42507811918569,0.447108398646709,8.47438167091951e-05,0.00301844094515515,"PRX","ENSG00000105227","ENSG00000105227.16","PRX"
"407","ENSSSCG00000038453",556.986299053878,1.12177239993859,0.580538297302677,0.00319809024698443,0.0385500076909083,"SYNPO","ENSG00000171992","ENSG00000171992.13","SYNPO"
"408","ENSSSCG00000038594",781.53827672145,1.11726265427389,0.535426856431874,0.00242990223948172,0.0323507925316038,"","ENSG00000124145","ENSG00000124145.6","SDC4"
"409","ENSSSCG00000038677",80.9399555736701,3.08408669320852,0.554415796121165,1.19921914098317e-09,3.72524647581804e-07,"GJB3","ENSG00000188910","ENSG00000188910.8","GJB3"
"410","ENSSSCG00000038682",811.179363184382,1.23049366073567,0.438574780301168,0.000343466200869531,0.00820723964725946,"TAF1D","ENSG00000166012","ENSG00000166012.17","TAF1D"
"411","ENSSSCG00000038702",245.026823419957,1.08254325555756,0.530347044049448,0.002836443041958,0.0356938635774808,"","ENSG00000125870","ENSG00000125870.11","SNRPB2"
"412","ENSSSCG00000038724",566.599782117586,1.05945498637336,0.312941354932711,7.11299244164189e-05,0.00267428757493397,"C3orf70","ENSG00000187068","ENSG00000187068.3","C3orf70"
"413","ENSSSCG00000038752",1518.22942199977,1.34335446668527,0.299533144102213,5.31782938948094e-07,5.69308187012849e-05,"C6orf62","ENSG00000112308","ENSG00000112308.13","C6orf62"
"414","ENSSSCG00000038792",51.3751724359881,2.62726120518817,0.746456327596806,1.31015268079499e-05,0.000689613420788451,"FAM221A","ENSG00000188732","ENSG00000188732.11","FAM221A"
"415","ENSSSCG00000038911",1570.59252710268,1.20759041054371,0.40298109529528,0.000200718762299404,0.0056597471491258,"KLF2","ENSG00000127528","ENSG00000127528.6","KLF2"
"416","ENSSSCG00000038948",1565.47360583088,1.39332544210113,0.410843632417537,4.29740300580787e-05,0.00176537511013481,"ETS2","ENSG00000157557","ENSG00000157557.13","ETS2"
"417","ENSSSCG00000039249",1695.15507432433,1.19093982705084,0.318088588951327,1.69598033302304e-05,0.000852443801868796,"","ENSG00000231989","ENSG00000231989.5","PPP1R2B"
"418","ENSSSCG00000039249",1695.15507432433,1.19093982705084,0.318088588951327,1.69598033302304e-05,0.000852443801868796,"","ENSG00000184203","ENSG00000184203.8","PPP1R2"
"419","ENSSSCG00000039261",10.7026120579978,2.62252849330049,1.61336828949903,0.00254684290926993,0.0334713843185543,"WSCD2","ENSG00000075035","ENSG00000075035.10","WSCD2"
"420","ENSSSCG00000039314",5575.37154852062,1.29566784731003,0.354787094076118,1.94850378484827e-05,0.000946723031258717,"MCL1","ENSG00000143384","ENSG00000143384.14","MCL1"
"421","ENSSSCG00000039348",3344.93445995633,1.82572878332276,0.427475916583386,9.53422488581375e-07,9.03320136806424e-05,"H1-0","ENSG00000189060","ENSG00000189060.6","H1-0"
"422","ENSSSCG00000039412",248.884226123962,1.36150109279709,0.481462279426753,0.000270432977071251,0.00700059355535947,"DOC2B","ENSG00000272636","ENSG00000272636.5","DOC2B"
"423","ENSSSCG00000039419",230.283913645804,1.46907893537957,0.554153856477089,0.000385133015414115,0.00886959120074252,"SLCO4A1","ENSG00000101187","ENSG00000101187.16","SLCO4A1"
"424","ENSSSCG00000039442",79.0706308882349,1.90410337233943,0.637868734374153,0.000112799081768937,0.00380745367547493,"BMP2","ENSG00000125845","ENSG00000125845.7","BMP2"
"425","ENSSSCG00000039591",1465.07777601597,1.08102984227231,0.284220824615926,1.4580609341896e-05,0.00074672423356645,"SERINC3","ENSG00000132824","ENSG00000132824.14","SERINC3"
"426","ENSSSCG00000039627",105.093003413552,1.37298012299691,0.635024252155862,0.00142888419792337,0.0225070047102659,"TMEM200C","ENSG00000206432","ENSG00000206432.4","TMEM200C"
"427","ENSSSCG00000039677",51.0200124004251,3.37586290083371,0.814356449866626,1.05664650845521e-06,9.87088880094683e-05,"CHRNA4","ENSG00000101204","ENSG00000101204.18","CHRNA4"
"428","ENSSSCG00000039745",2806.77886467079,3.09691121167277,0.489272186322956,8.81565217163505e-12,6.18695529630787e-09,"HMOX1","ENSG00000100292","ENSG00000100292.18","HMOX1"
"429","ENSSSCG00000039797",3141.64106929598,1.62059572450816,0.405587636252455,3.46481700793364e-06,0.000246822622117799,"APCDD1","ENSG00000154856","ENSG00000154856.13","APCDD1"
"430","ENSSSCG00000039864",188.95632370291,1.24454202826809,0.630636707543899,0.00242543969278725,0.0323204337121137,"KLC3","ENSG00000104892","ENSG00000104892.17","KLC3"
"431","ENSSSCG00000040007",248.51211163089,1.25982675440434,0.330519104683157,1.0991580616783e-05,0.000614393690582362,"PIGV","ENSG00000060642","ENSG00000060642.12","PIGV"
"432","ENSSSCG00000040183",233.413724475394,1.45640881780964,0.66835650854994,0.00120732149334554,0.0199281663566242,"CDK6","ENSG00000105810","ENSG00000105810.10","CDK6"
"433","ENSSSCG00000040598",42.2565053484184,1.77147199901721,0.754382586942734,0.000685659243012034,0.0133393808992146,"TGFBR3L","ENSG00000260001","ENSG00000260001.7","TGFBR3L"
"434","ENSSSCG00000040607",301.303399263038,1.06413304728556,0.301340080969555,4.21033564566835e-05,0.00174195742685086,"MAF","ENSG00000178573","ENSG00000178573.7","MAF"
"435","ENSSSCG00000040608",1579.75197919396,1.49734452160346,0.543243011928993,0.000291628369945255,0.00732899997625018,"AKR1B1","ENSG00000085662","ENSG00000085662.14","AKR1B1"
"436","ENSSSCG00000040636",66.5164804330483,2.65703259807669,0.610981035892249,4.73937521417911e-07,5.19112259731098e-05,"KRT80","ENSG00000167767","ENSG00000167767.14","KRT80"
"437","ENSSSCG00000040638",75.5418686843531,3.20160281448364,0.758970419026325,7.36484103339917e-07,7.34507224957268e-05,"DIO2","ENSG00000211448","ENSG00000211448.14","DIO2"
"438","ENSSSCG00000040663",1404.8777847926,1.46313367195596,0.342927010328574,1.27430996612823e-06,0.000114440282218786,"HERPUD1","ENSG00000051108","ENSG00000051108.15","HERPUD1"
"439","ENSSSCG00000040689",12.7660625289881,3.27160436715629,1.27598678998318,0.000479053015371931,0.0105430610781449,"APOA4","ENSG00000110244","ENSG00000110244.7","APOA4"
"440","ENSSSCG00000040779",190.82510692012,1.91120134486143,0.675739739508669,0.000161235945342413,0.00479632641804299,"CBS","ENSG00000160200","ENSG00000160200.18","CBS"
"441","ENSSSCG00000040789",20.830376802462,4.4943763431484,1.32755956127232,4.71176494187263e-05,0.00187964702912725,"GPR52","ENSG00000203737","ENSG00000203737.5","GPR52"
"442","ENSSSCG00000040822",238.541957692494,1.55831903164881,0.488627143641366,7.2086975232146e-05,0.00268364654945763,"RERGL","ENSG00000111404","ENSG00000111404.7","RERGL"
"443","ENSSSCG00000040843",28.5288939188245,3.65239958187671,1.35752580525341,0.00014795378414852,0.00454464419866621,"","ENSG00000170262","ENSG00000170262.13","MRAP"
"444","ENSSSCG00000040946",187.186748849575,1.6235251575754,0.381915698225345,1.24371757258344e-06,0.000112224782299445,"EIF5A2","ENSG00000163577","ENSG00000163577.8","EIF5A2"
"445","ENSSSCG00000040977",1961.70523653776,1.25196305478558,0.295111862672734,1.66656723617263e-06,0.000142484022208577,"SNX8","ENSG00000106266","ENSG00000106266.11","SNX8"
"446","ENSSSCG00000041935",20.5450221298397,1.96332034627579,1.01927706549546,0.00159794485980014,0.0240886691713229,"HSPB7","ENSG00000173641","ENSG00000173641.18","HSPB7"
"447","ENSSSCG00000042341",44.4447990723517,1.61244535849668,0.71064262007748,0.000918970468373082,0.0165371099154521,"DEPDC7","ENSG00000121690","ENSG00000121690.11","DEPDC7"
"448","ENSSSCG00000044690",110.094112828256,1.18261279265194,0.384209352210375,0.000170458218325914,0.00498458762200268,"FMN1","ENSG00000248905","ENSG00000248905.10","FMN1"
"449","ENSSSCG00000046234",109.818581353543,2.58215317181362,0.721063350239758,9.94977479545772e-06,0.00057306468875115,"","ENSG00000188643","ENSG00000188643.11","S100A16"
"450","ENSSSCG00000052105",76.35905004127,3.85683631145224,0.687839109089146,6.94127296228509e-10,2.34875323861322e-07,"","ENSG00000179761","ENSG00000179761.12","PIPOX"
"451","ENSSSCG00000053422",625.162923230953,2.0043860623171,0.348785104805718,4.30410207958214e-10,1.63116860612004e-07,"THBD","ENSG00000178726","ENSG00000178726.7","THBD"
"452","ENSSSCG00000053451",27.5101601502689,2.60271047586361,1.27195086503863,0.000839535399650954,0.0155811520940117,"","ENSG00000130518","ENSG00000130518.18","IQCN"
"453","ENSSSCG00000053466",7938.58097989988,1.39226932203212,0.435035575572592,9.05501435109974e-05,0.00316481890777917,"CIRBP","ENSG00000099622","ENSG00000099622.14","CIRBP"
"454","ENSSSCG00000053522",3157.82435030569,1.02173460748844,0.274574206313141,2.22394711605668e-05,0.00104053268894217,"ATP6V1G1","ENSG00000136888","ENSG00000136888.8","ATP6V1G1"
"455","ENSSSCG00000053832",399.643371854005,2.74907893083847,1.20068327751826,0.000357614986698687,0.0084284158991958,"S100A2","ENSG00000196754","ENSG00000196754.13","S100A2"
"456","ENSSSCG00000054186",115.102253085708,1.28446541458435,0.649413174154011,0.00228024165668809,0.0309959104394424,"SDF2L1","ENSG00000128228","ENSG00000128228.5","SDF2L1"
"457","ENSSSCG00000054523",315.498158817257,1.14739646825528,0.379785287498153,0.000208099446326931,0.00579893589477796,"ZBTB22","ENSG00000236104","ENSG00000236104.3","ZBTB22"
"458","ENSSSCG00000054656",948.089049376337,1.17670698725161,0.480135769737052,0.000957561607285296,0.0169577896228496,"TFCP2L1","ENSG00000115112","ENSG00000115112.8","TFCP2L1"
"459","ENSSSCG00000054693",59.993094482661,5.01867123451493,0.854631639516994,4.12642823563236e-10,1.59574874769383e-07,"H2AC4","ENSG00000278463","ENSG00000278463.2","H2AC4"
"460","ENSSSCG00000055134",10.2903695442253,6.45225804134336,2.79114896922412,3.3737089801497e-05,0.00144962384274051,"PSAPL1","ENSG00000178597","ENSG00000178597.7","PSAPL1"
"461","ENSSSCG00000055217",66.7564854721691,1.03639112724583,0.515050456405598,0.00339855047342566,0.0400188035640026,"SHLD3","ENSG00000253251","ENSG00000253251.3","SHLD3"
"462","ENSSSCG00000055501",33.2009569738725,2.30596093602985,0.787363544147,0.000117674669071142,0.00388807929760148,"KLRG2","ENSG00000188883","ENSG00000188883.5","KLRG2"
"463","ENSSSCG00000055653",47.1910666921544,1.5760870680265,0.619494557993745,0.000507887689428895,0.0109636719921005,"","ENSG00000118777","ENSG00000118777.12","ABCG2"
"464","ENSSSCG00000056031",120.883135583836,1.05792669599851,0.416689647827078,0.000968199663130331,0.0171141934856872,"LSM12","ENSG00000161654","ENSG00000161654.10","LSM12"
"465","ENSSSCG00000056711",223.592326271676,2.02920044474669,0.591116890307432,2.21757237523708e-05,0.00104053268894217,"","ENSG00000274290","ENSG00000274290.3","H2BC6"
"466","ENSSSCG00000056910",119.136183091542,4.69922907735257,1.24585528213453,2.72362489870237e-06,0.000202392032178476,"KRT17","ENSG00000128422","ENSG00000128422.18","KRT17"
"467","ENSSSCG00000056995",166.896255476305,1.193411007067,0.40249327818103,0.000232556272524014,0.00627736297444095,"SAYSD1","ENSG00000112167","ENSG00000112167.11","SAYSD1"
"468","ENSSSCG00000057427",617.424367708165,1.09721685186181,0.272698843211407,5.83872131901057e-06,0.000375043831437055,"","ENSG00000184863","ENSG00000184863.11","RBM33"
"469","ENSSSCG00000058136",450.956266373413,1.09597011112791,0.363974383618434,0.00023849853380622,0.00637420129350361,"DHRS11","ENSG00000278535","ENSG00000278535.5","DHRS11"
"470","ENSSSCG00000058971",272.473235847859,1.03440911070316,0.2815462693032,2.64687994987958e-05,0.00119134746247668,"FAM219A","ENSG00000164970","ENSG00000164970.15","FAM219A"
"471","ENSSSCG00000059016",63.3599603421797,1.21630292642735,0.748865427820321,0.00455687666087448,0.0487017799474961,"ZBED6","ENSG00000257315","ENSG00000257315.4","ZBED6"
"472","ENSSSCG00000059202",38.5986283924112,1.30720017245355,0.876192483048196,0.00469160908728277,0.0497210853439157,"CCDC71L","ENSG00000253276","ENSG00000253276.5","CCDC71L"
"473","ENSSSCG00000059332",443.447454178835,1.00054512044144,0.362037407449849,0.000578359992216401,0.0120366243402753,"CMTR1","ENSG00000137200","ENSG00000137200.13","CMTR1"
"474","ENSSSCG00000060202",134.149840739583,3.98489420323207,1.21949352536599,1.73963939254258e-05,0.000862943111237942,"","ENSG00000196136","ENSG00000196136.18","SERPINA3"
"475","ENSSSCG00000060730",447.713088746282,1.02898053634772,0.491589624216306,0.00281283262580405,0.0355480810372032,"SOX17","ENSG00000164736","ENSG00000164736.6","SOX17"
"476","ENSSSCG00000061116",47.0989980355167,2.86493745912781,0.592123843374603,5.38657254553723e-08,9.03275780224646e-06,"","ENSG00000134716","ENSG00000134716.11","CYP2J2"
"477","ENSSSCG00000061194",94.3437928374425,1.65250467015194,0.57003029702922,0.000166653606696225,0.0049112273612547,"","ENSG00000184863","ENSG00000184863.11","RBM33"
"478","ENSSSCG00000061647",171.217952586915,2.14064382686314,0.460603806749628,1.41368309013606e-07,1.99909558768568e-05,"CASQ2","ENSG00000118729","ENSG00000118729.12","CASQ2"
"479","ENSSSCG00000062085",470.645005055843,1.12284737166209,0.601437732572476,0.00357402265976349,0.041370895161795,"","ENSG00000261150","ENSG00000261150.3","EPPK1"
"480","ENSSSCG00000062714",296.369781745225,1.11938556996596,0.370630116548181,0.000220922996938852,0.00604079346175224,"CEP350","ENSG00000135837","ENSG00000135837.17","CEP350"
"481","ENSSSCG00000063152",24.6313850348373,2.66011211569928,1.72021730692986,0.00157085110532629,0.0238319116051464,"UCN","ENSG00000163794","ENSG00000163794.6","UCN"
"482","ENSSSCG00000063387",1189.83882930257,1.08597757426009,0.608020120769295,0.00439393998975826,0.0477412665515649,"AKR1C8","ENSG00000264006","ENSG00000264006.9","AKR1C8"
