"","Mouse.gene.stable.ID","entrezgene_id.x","ensembl_gene_id","hgnc_symbol","description.x","baseMean","log2FoldChange","lfcSE","pvalue","padj","group","group_name","SRR2050895","SRR2050896","SRR2050897","SRR2050898","SRR2050899","SRR2050900","SRR2050901","entrezgene_id.y","mgi_symbol","description.y"
"1","ENSMUSG00000000049",350,"ENSG00000091583","APOH","apolipoprotein H [Source:HGNC Symbol;Acc:HGNC:616]",53.8330593727622,-3.45145713888448,1.12859542274641,5.54292959366705e-05,0.00071665753947884,1,NA,6.03551490019384,4.23723199872297,6.34595896742796,4.74732876013143,4.32251084561569,4.28232086205519,4.10834916389942,11818,"Apoh","apolipoprotein H [Source:MGI Symbol;Acc:MGI:88058]"
"2","ENSMUSG00000001131",7076,"ENSG00000102265","TIMP1","TIMP metallopeptidase inhibitor 1 [Source:HGNC Symbol;Acc:HGNC:11820]",345.760337400663,5.11880581878133,0.576666941689631,4.80742656443691e-20,1.65716646024429e-17,1,NA,5.91397176321851,5.36354879064863,5.18961453553649,5.45300582623503,9.59399634280297,7.81357247143483,8.53800512453827,21857,"Timp1","tissue inhibitor of metalloproteinase 1 [Source:MGI Symbol;Acc:MGI:98752]"
"3","ENSMUSG00000002057",8456,"ENSG00000109101","FOXN1","forkhead box N1 [Source:HGNC Symbol;Acc:HGNC:12765]",8.2291408997284,3.94386101302062,1.19389235261548,8.62804725571837e-05,0.00104653022672652,1,NA,2.64498994361775,2.61256238959402,2.6354608025075,2.63934541992838,3.12512596386167,2.81744528081117,3.11336990268599,15218,"Foxn1","forkhead box N1 [Source:MGI Symbol;Acc:MGI:102949]"
"4","ENSMUSG00000002588",5444,"ENSG00000005421","PON1","paraoxonase 1 [Source:HGNC Symbol;Acc:HGNC:9204]",22.9068711964441,-3.74425563213514,1.35788672898983,0.000168625896959052,0.00184693389111925,1,NA,4.74863388450321,4.08206592373446,4.77743433642107,3.65770820942025,3.6714524483513,3.64838392201722,3.53712635092916,18979,"Pon1","paraoxonase 1 [Source:MGI Symbol;Acc:MGI:103295]"
"5","ENSMUSG00000003410",1995,"ENSG00000196361","ELAVL3","ELAV like RNA binding protein 3 [Source:HGNC Symbol;Acc:HGNC:3314]",33.5914524258911,-2.53506310586291,0.490435734586166,1.29496967546849e-08,4.71483678093912e-07,1,NA,5.28314715921489,4.96883349882927,5.30556651475986,5.12410870726643,4.50796250969085,4.42792717868243,4.39532324860011,15571,"Elavl3","ELAV like RNA binding protein 3 [Source:MGI Symbol;Acc:MGI:109157]"
"6","ENSMUSG00000005716",5816,"ENSG00000100362","PVALB","parvalbumin [Source:HGNC Symbol;Acc:HGNC:9704]",333.850365542704,-3.58648947036847,0.44087033663444,2.83880785563309e-17,5.50576034226412e-15,1,NA,8.39675127735176,9.14504227126671,8.53000574441186,8.52722374080209,5.98233873612981,6.67547217460236,6.32164217924608,19293,"Pvalb","parvalbumin [Source:MGI Symbol;Acc:MGI:97821]"
"7","ENSMUSG00000006574",6521,"ENSG00000004939","SLC4A1","solute carrier family 4 member 1 (Diego blood group) [Source:HGNC Symbol;Acc:HGNC:11027]",2108.91989304254,-2.10809496819048,0.163297791607402,2.02994357722131e-39,6.19770773319627e-36,1,NA,11.5126801671242,11.4320878707713,11.4568028288828,11.2279373766884,9.94532994286213,9.83236696916436,9.70200406838903,20533,"Slc4a1","solute carrier family 4 (anion exchanger), member 1 [Source:MGI Symbol;Acc:MGI:109393]"
"8","ENSMUSG00000009185",6355,"ENSG00000108700","CCL8","C-C motif chemokine ligand 8 [Source:HGNC Symbol;Acc:HGNC:10635]",15.891755550281,3.44490610260756,0.731741863362119,1.87188782244882e-07,5.0769018453523e-06,1,NA,3.47130527265275,3.46839807563682,3.3933606757873,3.4578522822752,4.06123429680294,3.92525993087466,4.20965398580271,20307,"Ccl8","chemokine (C-C motif) ligand 8 [Source:MGI Symbol;Acc:MGI:101878]"
"9","ENSMUSG00000014602",547,"ENSG00000130294","KIF1A","kinesin family member 1A [Source:HGNC Symbol;Acc:HGNC:888]",280.669518372597,3.39107239325006,0.520009515263435,4.6692816503903e-12,3.53871941248729e-10,1,NA,6.81235368657828,6.27244282958729,6.09651027212601,5.77289478302401,9.11331018414092,7.95520153057712,8.50392751697977,16560,"Kif1a","kinesin family member 1A [Source:MGI Symbol;Acc:MGI:108391]"
"10","ENSMUSG00000015947",2209,"ENSG00000150337","FCGR1A","Fc gamma receptor Ia [Source:HGNC Symbol;Acc:HGNC:3613]",118.137203258456,2.83631458907733,0.36215337336678,3.33133976953192e-16,5.78840598003546e-14,1,NA,5.44392495836696,5.74928663173224,5.81953963752471,5.69462262432624,7.52863068225082,6.94299031401365,7.28823649755538,14129,"Fcgr1","Fc receptor, IgG, high affinity I [Source:MGI Symbol;Acc:MGI:95498]"
"11","ENSMUSG00000017344",7448,"ENSG00000109072","VTN","vitronectin [Source:HGNC Symbol;Acc:HGNC:12724]",61.7505466667875,-2.52408457559085,0.912514335569495,0.000159125604824565,0.00176271290001779,1,NA,6.31349464229619,4.98851413333406,6.59859556829025,4.98772034132958,4.86132813070073,4.65094859106392,4.699586210365,22370,"Vtn","vitronectin [Source:MGI Symbol;Acc:MGI:98940]"
"12","ENSMUSG00000018623",4316,"ENSG00000137673","MMP7","matrix metallopeptidase 7 [Source:HGNC Symbol;Acc:HGNC:7174]",35.6330591364514,4.68243186391532,0.633074560504146,1.66349169552683e-14,2.0085957354124e-12,1,NA,4.04124521992347,3.91885638376362,3.97043615705701,4.11884017307043,5.38876798235826,5.32330005580222,5.2108193264913,17393,"Mmp7","matrix metallopeptidase 7 [Source:MGI Symbol;Acc:MGI:103189]"
"13","ENSMUSG00000020000",26002,"ENSG00000079931","MOXD1","monooxygenase DBH like 1 [Source:HGNC Symbol;Acc:HGNC:21063]",69.9838098245666,3.0589865036162,0.683283465714241,4.32907741053074e-07,1.05950382349762e-05,1,NA,5.28545014179607,4.82104734331473,4.69570864685306,4.59568128913879,6.82115416783599,5.81764454290967,6.28051462119118,59012,"Moxd1","monooxygenase, DBH-like 1 [Source:MGI Symbol;Acc:MGI:1921582]"
"14","ENSMUSG00000021250",2353,"ENSG00000170345","FOS","Fos proto-oncogene, AP-1 transcription factor subunit [Source:HGNC Symbol;Acc:HGNC:3796]",248.937679267896,2.74485082084087,0.366192727423578,4.62473950123759e-15,6.29553710958278e-13,1,NA,6.70521682475676,6.86129611615237,6.55070605000896,6.2685017827028,8.64042644272943,7.92676013590055,8.6459017117133,14281,"Fos","FBJ osteosarcoma oncogene [Source:MGI Symbol;Acc:MGI:95574]"
"15","ENSMUSG00000021403",5272,"ENSG00000170542","SERPINB9","serpin family B member 9 [Source:HGNC Symbol;Acc:HGNC:8955]",12.01399722156,3.08578825304275,1.00801227935892,0.00011334103917647,0.00132730119960521,1,NA,3.02953615277325,2.99456572718268,3.04040667817118,3.01948415202861,3.87630987369467,3.22986960374411,3.36115219649987,20706,"Serpinb9b","serine (or cysteine) peptidase inhibitor, clade B, member 9b [Source:MGI Symbol;Acc:MGI:894668]"
"16","ENSMUSG00000022015",8600,"ENSG00000120659","TNFSF11","TNF superfamily member 11 [Source:HGNC Symbol;Acc:HGNC:11926]",5.78194902251451,3.82266946405334,1.35538486067189,0.000419511023291791,0.00393326654987119,1,NA,2.29305100433114,2.2920706116253,2.26044484023148,2.26176547284402,2.52006344242031,2.53928497737373,2.61158489744889,21943,"Tnfsf11","tumor necrosis factor (ligand) superfamily, member 11 [Source:MGI Symbol;Acc:MGI:1100089]"
"17","ENSMUSG00000022025",11061,"ENSG00000136110","CNMD","chondromodulin [Source:HGNC Symbol;Acc:HGNC:17005]",29.1434343631436,2.82813783103802,0.85374052710196,4.78415050420183e-05,0.000630764124465154,1,NA,3.90973159795898,3.94148324407813,3.94374734512811,4.27603326560521,5.35415088419715,4.49782107533505,4.8147424096701,16840,"Cnmd","chondromodulin [Source:MGI Symbol;Acc:MGI:1341171]"
"18","ENSMUSG00000022240",1501,"ENSG00000169862","CTNND2","catenin delta 2 [Source:HGNC Symbol;Acc:HGNC:2516]",139.558189966035,3.44880784167549,0.549375184149124,2.17916777860544e-11,1.44189392459305e-09,1,NA,5.80542247253327,5.38660754454548,5.42548962253691,5.14425030359443,8.06890699154752,6.75895411995317,7.2976176891141,18163,"Ctnnd2","catenin (cadherin associated protein), delta 2 [Source:MGI Symbol;Acc:MGI:1195966]"
"19","ENSMUSG00000022304",1807,"ENSG00000147647","DPYS","dihydropyrimidinase [Source:HGNC Symbol;Acc:HGNC:3013]",115.138057682287,-2.47388030003051,0.376916696990101,2.70171612154231e-12,2.21230179883534e-10,1,NA,7.48243258545245,6.92739701663485,6.97584895989587,6.78936061374786,5.81249847592043,5.81049309491957,5.65394966184015,64705,"Dpys","dihydropyrimidinase [Source:MGI Symbol;Acc:MGI:1928679]"
"20","ENSMUSG00000022367",3037,"ENSG00000170961","HAS2","hyaluronan synthase 2 [Source:HGNC Symbol;Acc:HGNC:4819]",10.5233499708122,4.83332191107482,1.34501500059713,3.39345771680515e-05,0.000473709851884779,1,NA,2.91829702610387,2.9171906793492,2.88640728556694,2.88820464458509,3.49941745867011,3.05653862945566,3.43127356418669,15117,"Has2","hyaluronan synthase 2 [Source:MGI Symbol;Acc:MGI:107821]"
"21","ENSMUSG00000022780",4241,"ENSG00000163975","MELTF","melanotransferrin [Source:HGNC Symbol;Acc:HGNC:7037]",52.9482638293071,3.95404905605489,0.508621298446636,5.80671781790356e-16,9.64237448941292e-14,1,NA,4.37354317610619,4.47330998113494,4.50806358179368,4.41280286351735,6.20181103064287,5.54370471442434,5.99285224726349,30060,"Meltf","melanotransferrin [Source:MGI Symbol;Acc:MGI:1353421]"
"22","ENSMUSG00000022952",861,"ENSG00000159216","RUNX1","RUNX family transcription factor 1 [Source:HGNC Symbol;Acc:HGNC:10471]",335.888870121853,2.88023387952778,0.495880213631039,4.22771626218401e-10,2.12100356702809e-08,1,NA,7.29258434150861,6.34690169968293,6.97616999606883,6.50314709556384,9.2988682568569,8.10239336120085,8.99408564988538,12394,"Runx1","runt related transcription factor 1 [Source:MGI Symbol;Acc:MGI:99852]"
"23","ENSMUSG00000023033",6334,"ENSG00000196876","SCN8A","sodium voltage-gated channel alpha subunit 8 [Source:HGNC Symbol;Acc:HGNC:10596]",288.570808963967,3.98927083184571,0.310611204099095,5.6109586010195e-39,1.49896759026236e-35,1,NA,6.31681218395882,6.07883121187198,5.78009660203249,6.10207430076019,8.90863647253675,8.42927049681287,8.64594816903503,20273,"Scn8a","sodium channel, voltage-gated, type VIII, alpha [Source:MGI Symbol;Acc:MGI:103169]"
"24","ENSMUSG00000024401",7124,"ENSG00000232810","TNF","tumor necrosis factor [Source:HGNC Symbol;Acc:HGNC:11892]",24.3271503750911,4.30071696278986,0.949104517170924,3.40237651237016e-07,8.64632471134066e-06,1,NA,3.68272417931865,3.64265460444005,3.51252643194397,3.5570803492329,5.07611037500992,4.26020954564621,4.27312776716636,21926,"Tnf","tumor necrosis factor [Source:MGI Symbol;Acc:MGI:104798]"
"25","ENSMUSG00000024553",2587,"ENSG00000166573","GALR1","galanin receptor 1 [Source:HGNC Symbol;Acc:HGNC:4132]",5.51251403890694,3.21339003236943,1.23552543358267,0.000678909206727046,0.00582482840873963,1,NA,2.26523974418578,2.26436879299548,2.25849370642753,2.2367723216739,2.44270382848458,2.50634461340755,2.53375460419934,14427,"Galr1","galanin receptor 1 [Source:MGI Symbol;Acc:MGI:1096364]"
"26","ENSMUSG00000024600",28965,"ENSG00000113396","SLC27A6","solute carrier family 27 member 6 [Source:HGNC Symbol;Acc:HGNC:11000]",60.2828042534103,3.76458870201207,0.491021525283795,1.07360780508534e-15,1.69964044520622e-13,1,NA,4.66215136242939,4.77191257711247,4.43601042350826,4.59099350549804,6.40798217294484,5.8908722637729,6.14515958814923,225579,"Slc27a6","solute carrier family 27 (fatty acid transporter), member 6 [Source:MGI Symbol;Acc:MGI:3036230]"
"27","ENSMUSG00000024679",64231,"ENSG00000110077","MS4A6A","membrane spanning 4-domains A6A [Source:HGNC Symbol;Acc:HGNC:13375]",134.301935217452,3.49165616289938,0.37674930466926,1.21484176222703e-21,5.09090159653256e-19,1,NA,5.58383262812723,5.3506026273635,5.40191902947567,5.6363805969745,7.82396616866985,7.1046178705887,7.37397911503794,68774,"Ms4a6d","membrane-spanning 4-domains, subfamily A, member 6D [Source:MGI Symbol;Acc:MGI:1916024]"
"28","ENSMUSG00000024803",27063,"ENSG00000148677","ANKRD1","ankyrin repeat domain 1 [Source:HGNC Symbol;Acc:HGNC:15819]",816.915324124172,4.64408069268185,0.413129949441445,1.92183327407936e-30,1.95587717779163e-27,1,NA,7.16671199029129,6.77619621895654,6.54006629651909,6.85989862306488,10.7166404856705,9.35469533341156,10.2421108152945,107765,"Ankrd1","ankyrin repeat domain 1 (cardiac muscle) [Source:MGI Symbol;Acc:MGI:1097717]"
"29","ENSMUSG00000025064",1308,"ENSG00000065618","COL17A1","collagen type XVII alpha 1 chain [Source:HGNC Symbol;Acc:HGNC:2194]",28.4854614946021,2.94444085134968,0.706479786961092,1.67278086342978e-06,3.41021418968824e-05,1,NA,4.03157255801566,3.99462109178123,3.93071711477047,4.09021499564735,5.36290907349917,4.51701509556051,4.65589920168616,12821,"Col17a1","collagen, type XVII, alpha 1 [Source:MGI Symbol;Acc:MGI:88450]"
"30","ENSMUSG00000025746",3569,"ENSG00000136244","IL6","interleukin 6 [Source:HGNC Symbol;Acc:HGNC:6018]",10.9146412718047,4.93570622284266,1.40968453723861,5.04731704416584e-05,0.000660571095333204,1,NA,2.83230892623645,2.83141883390828,2.88411057848042,2.82819984292306,3.3841532281346,3.05232826246226,3.67897338036803,16193,"Il6","interleukin 6 [Source:MGI Symbol;Acc:MGI:96559]"
"31","ENSMUSG00000025804",1230,"ENSG00000163823","CCR1","C-C motif chemokine receptor 1 [Source:HGNC Symbol;Acc:HGNC:1602]",172.316019312008,3.45320679884151,0.424511460376319,2.85953302447743e-17,5.50576034226412e-15,1,NA,5.67507391960727,5.54024545521294,5.93047411950019,5.84130667974268,8.36869634575979,7.54057887397546,7.43830400591018,12768,"Ccr1","chemokine (C-C motif) receptor 1 [Source:MGI Symbol;Acc:MGI:104618]"
"32","ENSMUSG00000025938",81796,"ENSG00000137571","SLCO5A1","solute carrier organic anion transporter family member 5A1 [Source:HGNC Symbol;Acc:HGNC:19046]",6.68003173411399,4.55118667010505,1.92064608006902,0.000417325413675048,0.00391875164370085,1,NA,2.18947065073235,2.18891593522703,2.18515075197122,2.21846929897251,2.87686400854911,2.28424121497111,2.42988795524941,240726,"Slco5a1","solute carrier organic anion transporter family, member 5A1 [Source:MGI Symbol;Acc:MGI:2443431]"
"33","ENSMUSG00000026070",8809,"ENSG00000115604","IL18R1","interleukin 18 receptor 1 [Source:HGNC Symbol;Acc:HGNC:5988]",483.044579199623,4.6512181734911,0.323360490460267,5.1019909665629e-48,2.72599377343456e-44,1,NA,6.21780512983208,6.14139326860036,6.08766389544505,6.54567501683024,9.58774067030547,8.98624499659023,9.65611715233518,16182,"Il18r1","interleukin 18 receptor 1 [Source:MGI Symbol;Acc:MGI:105383]"
"34","ENSMUSG00000026166",6364,"ENSG00000115009","CCL20","C-C motif chemokine ligand 20 [Source:HGNC Symbol;Acc:HGNC:10619]",14.0504399799881,4.17294392158109,1.0187562374399,3.41825539896543e-06,6.3803453612829e-05,1,NA,3.20395889525931,3.13368407017064,3.15629853321283,3.19312307448512,3.84276698867686,3.45338911716049,4.05780117677103,20297,"Ccl20","chemokine (C-C motif) ligand 20 [Source:MGI Symbol;Acc:MGI:1329031]"
"35","ENSMUSG00000026272",189,"ENSG00000172482","AGXT","alanine--glyoxylate and serine--pyruvate aminotransferase [Source:HGNC Symbol;Acc:HGNC:341]",8.46607238605376,-2.06197050580845,1.77503967007009,0.00540789550135504,0.0314667962578165,1,NA,2.96608305352541,2.83869487803288,3.34091344530969,2.87498305202129,2.71518095268444,2.70464775933372,2.77719188267405,11611,"Agxt","alanine-glyoxylate aminotransferase [Source:MGI Symbol;Acc:MGI:1329033]"
"36","ENSMUSG00000026442",23114,"ENSG00000163531","NFASC","neurofascin [Source:HGNC Symbol;Acc:HGNC:29866]",26.2769842904496,3.30570929975308,0.920769140344606,1.63393741364374e-05,0.00025287259324001,1,NA,3.73581905936024,3.83229272552248,3.63275330372292,3.67988909475898,5.24381555107186,3.95916684922264,4.47736654383107,269116,"Nfasc","neurofascin [Source:MGI Symbol;Acc:MGI:104753]"
"37","ENSMUSG00000026475",6004,"ENSG00000143333","RGS16","regulator of G protein signaling 16 [Source:HGNC Symbol;Acc:HGNC:9997]",306.553741939914,3.41205768476914,0.61021680719126,1.47631148936663e-09,6.68468837939483e-08,1,NA,6.63404805446667,6.62565549698701,5.97940497228554,5.82005310012418,9.24116196926712,7.31565485168898,8.89961531588323,19734,"Rgs16","regulator of G-protein signaling 16 [Source:MGI Symbol;Acc:MGI:108407]"
"38","ENSMUSG00000026715",462,"ENSG00000117601","SERPINC1","serpin family C member 1 [Source:HGNC Symbol;Acc:HGNC:775]",55.4814892685446,-2.33258117729686,0.900643658364893,0.000297558706015067,0.00295787193718792,1,NA,6.21477188104824,5.0205269824705,6.35751304936815,4.86956205998903,4.69774114776317,4.67035984703446,4.78202045829792,11905,"Serpinc1","serine (or cysteine) peptidase inhibitor, clade C (antithrombin), member 1 [Source:MGI Symbol;Acc:MGI:88095]"
"39","ENSMUSG00000026822",3934,"ENSG00000148346","LCN2","lipocalin 2 [Source:HGNC Symbol;Acc:HGNC:6526]",3660.65050834511,5.67929537193646,0.352957645998162,2.86676157035987e-59,3.06342141408656e-55,1,NA,7.91282685970899,7.84846113991468,8.30655460862684,8.24558954545027,12.8278113652639,11.652403492159,12.4192808354022,16819,"Lcn2","lipocalin 2 [Source:MGI Symbol;Acc:MGI:96757]"
"40","ENSMUSG00000026981",3557,"ENSG00000136689","IL1RN","interleukin 1 receptor antagonist [Source:HGNC Symbol;Acc:HGNC:6000]",82.7645727141079,3.73187859468736,0.677172508878756,2.39566267529695e-09,1.035988802986e-07,1,NA,4.81962808889226,4.46643685379023,5.11124206061244,4.80271399187604,7.04684675534022,6.09648695598322,6.62520956310397,16181,"Il1rn","interleukin 1 receptor antagonist [Source:MGI Symbol;Acc:MGI:96547]"
"41","ENSMUSG00000026984",27179,"ENSG00000136694","IL36A","interleukin 36 alpha [Source:HGNC Symbol;Acc:HGNC:15562]",23.2280350342314,5.84441314825315,0.939460046875941,2.52891350924575e-10,1.34113993845162e-08,1,NA,3.57312397388817,3.57120072821944,3.59179170484704,3.63455102553533,4.70267650858118,4.6406828572995,4.5123928908674,54448,"Il36a","interleukin 36A [Source:MGI Symbol;Acc:MGI:1859324]"
"42","ENSMUSG00000027322",6614,"ENSG00000088827","SIGLEC1","sialic acid binding Ig like lectin 1 [Source:HGNC Symbol;Acc:HGNC:11127]",113.469115558238,3.43215980217519,0.419977805129668,1.66298688376654e-17,3.38489101712937e-15,1,NA,5.41683109125217,5.27967386061187,5.34970713694499,5.25796969122715,7.6616171390443,6.89767078465758,6.81807608554245,20612,"Siglec1","sialic acid binding Ig-like lectin 1, sialoadhesin [Source:MGI Symbol;Acc:MGI:99668]"
"43","ENSMUSG00000027656",8839,"ENSG00000064205","CCN5","cellular communication network factor 5 [Source:HGNC Symbol;Acc:HGNC:12770]",20.6194705263944,2.80266077545331,0.721278147273568,5.86651716999962e-06,0.000103533612681447,1,NA,3.78087189108556,3.71572546303731,3.84655614423839,3.67359068769411,4.73045162689418,4.27626426227172,4.26498811991341,22403,"Ccn5","cellular communication network factor 5 [Source:MGI Symbol;Acc:MGI:1328326]"
"44","ENSMUSG00000027966",1301,"ENSG00000060718","COL11A1","collagen type XI alpha 1 chain [Source:HGNC Symbol;Acc:HGNC:2186]",344.279852755513,3.08344936247112,0.450712531116209,5.44911447886084e-13,5.06341194096582e-11,1,NA,6.92530605057852,6.69606559532789,6.26367836971155,7.0690270710437,9.36272044063682,8.17365719206006,9.00409971416443,12814,"Col11a1","collagen, type XI, alpha 1 [Source:MGI Symbol;Acc:MGI:88446]"
"45","ENSMUSG00000028004",4887,"ENSG00000185149","NPY2R","neuropeptide Y receptor Y2 [Source:HGNC Symbol;Acc:HGNC:7957]",68.4784578230705,4.43452775770141,0.476216966500723,1.13400668837486e-21,4.84719818878951e-19,1,NA,4.65483382273432,4.38208312088698,4.51701757885987,4.57894298216932,6.35296284728558,6.09411375335421,6.58066556357248,18167,"Npy2r","neuropeptide Y receptor Y2 [Source:MGI Symbol;Acc:MGI:108418]"
"46","ENSMUSG00000028017",1950,"ENSG00000138798","EGF","epidermal growth factor [Source:HGNC Symbol;Acc:HGNC:3229]",48964.7495025606,-2.17219222193737,0.203332609151102,6.66224060979225e-28,5.27353356712889e-25,1,NA,16.0873485178994,15.8391599664707,15.8464559953778,16.0586238495184,14.0260199619675,14.5011816725469,14.2750845471517,13645,"Egf","epidermal growth factor [Source:MGI Symbol;Acc:MGI:95290]"
"47","ENSMUSG00000028362",944,"ENSG00000106952","TNFSF8","TNF superfamily member 8 [Source:HGNC Symbol;Acc:HGNC:11938]",79.8403247179605,5.7145985521512,0.767966188220212,8.47741961556938e-15,1.07844888109493e-12,1,NA,4.28904558762128,4.08692545631948,4.17543149160903,4.11124929166473,6.88434156775809,5.2533890526402,6.73436397635777,21949,"Tnfsf8","tumor necrosis factor (ligand) superfamily, member 8 [Source:MGI Symbol;Acc:MGI:88328]"
"48","ENSMUSG00000028546",1996,"ENSG00000162374","ELAVL4","ELAV like RNA binding protein 4 [Source:HGNC Symbol;Acc:HGNC:3315]",35.8735534533743,7.04966153125461,1.03256952676425,9.13732634474833e-12,6.64227682448848e-10,1,NA,3.81125754613403,3.85160383591863,3.78721916006867,3.83809735670896,5.33131894337315,5.19635460468711,5.32748338942288,15572,"Elavl4","ELAV like RNA binding protein 4 [Source:MGI Symbol;Acc:MGI:107427]"
"49","ENSMUSG00000028555",22996,"ENSG00000085831","TTC39A","tetratricopeptide repeat domain 39A [Source:HGNC Symbol;Acc:HGNC:18657]",151.480383205157,2.84582900489554,0.367172182367254,6.02003955341686e-16,9.89694502581731e-14,1,NA,6.14428724531562,6.05143933703021,5.94969285014114,5.64735444537697,7.93175430348689,7.2965455258115,7.70350671678678,230603,"Ttc39a","tetratricopeptide repeat domain 39A [Source:MGI Symbol;Acc:MGI:2444350]"
"50","ENSMUSG00000029371",6372,"ENSG00000124875","CXCL6","C-X-C motif chemokine ligand 6 [Source:HGNC Symbol;Acc:HGNC:10643]",15.9121961824982,5.44377213924205,1.44290952205456,1.54352629002757e-05,0.000241318535994655,1,NA,3.05942717581195,3.01713592306669,3.00734105916758,3.04961238370267,4.25652404060907,3.14198040282946,3.8672200029495,20311,"Cxcl5","chemokine (C-X-C motif) ligand 5 [Source:MGI Symbol;Acc:MGI:1096868]"
"51","ENSMUSG00000029868",55503,"ENSG00000165125","TRPV6","transient receptor potential cation channel subfamily V member 6 [Source:HGNC Symbol;Acc:HGNC:14006]",286.32746664527,3.01506902779542,0.309172585238321,1.21538458711818e-23,6.66030753740762e-21,1,NA,6.73422321187965,6.74862337941365,6.48630120342521,6.6324503359294,8.95140831093761,8.1808778493252,8.76405893546835,64177,"Trpv6","transient receptor potential cation channel, subfamily V, member 6 [Source:MGI Symbol;Acc:MGI:1927259]"
"52","ENSMUSG00000030093",7476,"ENSG00000154764","WNT7A","Wnt family member 7A [Source:HGNC Symbol;Acc:HGNC:12786]",110.730985153665,8.1545627294266,1.03030721874783,1.29850549403464e-15,1.9822613870363e-13,1,NA,4.0493950349117,3.98102443279207,3.98147196930756,4.0099498375951,7.6456012755554,5.68114634602855,6.81739289867128,22421,"Wnt7a","wingless-type MMTV integration site family, member 7A [Source:MGI Symbol;Acc:MGI:98961]"
"53","ENSMUSG00000030162",4973,"ENSG00000173391","OLR1","oxidized low density lipoprotein receptor 1 [Source:HGNC Symbol;Acc:HGNC:8133]",10.0595875272532,3.59069258509872,1.05226870811706,4.63868794025059e-05,0.000615381990434733,1,NA,2.84303419020799,2.87419169316671,2.91794802476058,2.86921102044674,3.50646300788907,3.14209149509583,3.31080353785756,108078,"Olr1","oxidized low density lipoprotein (lectin-like) receptor 1 [Source:MGI Symbol;Acc:MGI:1261434]"
"54","ENSMUSG00000030382",10998,"ENSG00000083807","SLC27A5","solute carrier family 27 member 5 [Source:HGNC Symbol;Acc:HGNC:10999]",12.8446796631722,-2.58814335613802,1.46213463829098,0.00151298023370455,0.0112392817360909,1,NA,3.68327734742426,3.42523707805596,3.96752520693471,3.30930337992965,3.27180153124966,3.12835467665675,3.20591333238646,26459,"Slc27a5","solute carrier family 27 (fatty acid transporter), member 5 [Source:MGI Symbol;Acc:MGI:1347100]"
"55","ENSMUSG00000030785",1339,"ENSG00000156885","COX6A2","cytochrome c oxidase subunit 6A2 [Source:HGNC Symbol;Acc:HGNC:2279]",31.1616933357112,-3.15615447356007,0.738249199470703,7.44176616915099e-07,1.69920327528948e-05,1,NA,4.64334977488645,4.82109212295399,4.88256984947472,5.46026853348487,4.23068118361453,4.06310460939244,4.1867962353143,12862,"Cox6a2","cytochrome c oxidase subunit 6A2 [Source:MGI Symbol;Acc:MGI:104649]"
"56","ENSMUSG00000030786",3684,"ENSG00000169896","ITGAM","integrin subunit alpha M [Source:HGNC Symbol;Acc:HGNC:6149]",283.84748300273,2.91161935512505,0.368354765708595,1.85141387946165e-16,3.2973681193212e-14,1,NA,6.6076558488309,6.67451154170126,6.69690817976266,6.72385500485804,9.16057850955481,8.05245712748368,8.47090647376991,16409,"Itgam","integrin alpha M [Source:MGI Symbol;Acc:MGI:96607]"
"57","ENSMUSG00000031491",8973,"ENSG00000147434","CHRNA6","cholinergic receptor nicotinic alpha 6 subunit [Source:HGNC Symbol;Acc:HGNC:15963]",9.67410777206264,4.85453772660625,1.23227964502031,1.3043902385163e-05,0.000208195878846679,1,NA,2.88471628911867,2.85705435803754,2.87639966561468,2.85509422585669,3.26232817393717,3.16701092997468,3.41598755223891,11440,"Chrna6","cholinergic receptor, nicotinic, alpha polypeptide 6 [Source:MGI Symbol;Acc:MGI:106213]"
"58","ENSMUSG00000031970",79007,"ENSG00000003249","DBNDD1","dysbindin domain containing 1 [Source:HGNC Symbol;Acc:HGNC:28455]",12.8154216415003,4.12990788455432,0.927100808531675,9.3733336858387e-07,2.06949263981141e-05,1,NA,3.11750325806571,3.14922460026032,3.19283687739079,3.1434400552438,3.74170647307897,3.583261711343,3.84372557388051,72185,"Dbndd1","dysbindin (dystrobrevin binding protein 1) domain containing 1 [Source:MGI Symbol;Acc:MGI:1919435]"
"59","ENSMUSG00000032011",7070,"ENSG00000154096","THY1","Thy-1 cell surface antigen [Source:HGNC Symbol;Acc:HGNC:11801]",506.997230254441,3.16287373961581,0.508184406145742,3.34692853848493e-11,2.11628866048817e-09,1,NA,7.58965489780864,7.21009434671453,6.99978081667306,6.77449805950404,10.1685871830867,8.4524153683171,9.35884179908629,21838,"Thy1","thymus cell antigen 1, theta [Source:MGI Symbol;Acc:MGI:98747]"
"60","ENSMUSG00000032690",4939,"ENSG00000111335","OAS2","2'-5'-oligoadenylate synthetase 2 [Source:HGNC Symbol;Acc:HGNC:8087]",360.01853208937,3.67446152763763,0.319649784198977,9.21280065431683e-32,1.09386653102255e-28,1,NA,6.69528961092853,6.72337078494876,6.30002037314251,6.33279107319105,9.21480959565416,8.60324890670615,9.16756067153811,246728,"Oas2","2'-5' oligoadenylate synthetase 2 [Source:MGI Symbol;Acc:MGI:2180852]"
"61","ENSMUSG00000034227",2302,"ENSG00000129654","FOXJ1","forkhead box J1 [Source:HGNC Symbol;Acc:HGNC:3816]",85.2427432168569,2.99921071348154,0.465161442157748,7.49199831780588e-12,5.52134441545335e-10,1,NA,5.06266134998264,5.44862695906797,5.19311414063329,5.1183210325077,6.90011176921537,6.19572490591771,6.97062551442502,15223,"Foxj1","forkhead box J1 [Source:MGI Symbol;Acc:MGI:1347474]"
"62","ENSMUSG00000034394",3976,"ENSG00000128342","LIF","LIF interleukin 6 family cytokine [Source:HGNC Symbol;Acc:HGNC:6596]",174.332359187788,4.90945605241225,0.452406889973296,1.52310284467746e-28,1.30207015985787e-25,1,NA,5.17377074656207,4.91271207943068,5.11970238204295,5.04505865398524,8.18322373971251,7.11089761128216,7.95285514341104,16878,"Lif","leukemia inhibitory factor [Source:MGI Symbol;Acc:MGI:96787]"
"63","ENSMUSG00000034457",60401,"ENSG00000131080","EDA2R","ectodysplasin A2 receptor [Source:HGNC Symbol;Acc:HGNC:17756]",61.4899472267434,3.14361193488038,0.480730097397553,3.97545984877063e-12,3.11221713875186e-10,1,NA,5.07662553235594,4.78558807896171,4.80177686196846,4.66483664871178,6.2910161481948,5.89646110126917,6.40278471732505,245527,"Eda2r","ectodysplasin A2 receptor [Source:MGI Symbol;Acc:MGI:2442860]"
"64","ENSMUSG00000034463",51435,"ENSG00000168077","SCARA3","scavenger receptor class A member 3 [Source:HGNC Symbol;Acc:HGNC:19000]",127.914022249324,2.70865499952814,0.476151721618303,8.15917872027228e-10,3.91860601370021e-08,1,NA,5.94351243857023,5.9274293452599,5.73404984344219,5.42702058684252,7.83697425884703,6.79085572264961,7.28430628172275,219151,"Scara3","scavenger receptor class A, member 3 [Source:MGI Symbol;Acc:MGI:2444418]"
"65","ENSMUSG00000034785",1733,"ENSG00000211452","DIO1","iodothyronine deiodinase 1 [Source:HGNC Symbol;Acc:HGNC:2883]",2477.16702002536,-2.12748700785735,0.302158870534702,9.73423504450713e-14,1.03373976347701e-11,1,NA,11.8093459092961,11.5003614694672,11.2145419078795,11.9211020327898,10.1557471956982,9.5894167128541,10.1576161421435,13370,"Dio1","deiodinase, iodothyronine, type I [Source:MGI Symbol;Acc:MGI:94896]"
"66","ENSMUSG00000035031",731,"ENSG00000157131","C8A","complement C8 alpha chain [Source:HGNC Symbol;Acc:HGNC:1352]",33.9219803639306,-2.02527015682104,1.00385728934331,0.0013084662339472,0.0100052022726009,1,NA,5.27034306569706,4.2588980203233,5.39494071091172,5.18833947507015,4.31355250258885,4.45783548816014,4.24051254107377,230558,"C8a","complement component 8, alpha polypeptide [Source:MGI Symbol;Acc:MGI:2668347]"
"67","ENSMUSG00000035200",1143,"ENSG00000117971","CHRNB4","cholinergic receptor nicotinic beta 4 subunit [Source:HGNC Symbol;Acc:HGNC:1964]",180.003634824874,4.17162543139571,0.629252147820403,2.18303119059255e-12,1.83570198767861e-10,1,NA,5.73317853785508,5.49153166804297,4.7557956859312,5.33292329918398,8.27349529782663,7.56737003153986,7.75322125956106,108015,"Chrnb4","cholinergic receptor, nicotinic, beta polypeptide 4 [Source:MGI Symbol;Acc:MGI:87892]"
"68","ENSMUSG00000035246",9468,"ENSG00000102230","PCYT1B","phosphate cytidylyltransferase 1B, choline [Source:HGNC Symbol;Acc:HGNC:8755]",35.2145518416788,4.57192010416309,0.766853343054642,1.86608400321286e-10,1.02157542430311e-08,1,NA,3.95634470449909,3.83140898403167,3.91369175946919,3.85733430369614,5.69389229764951,4.69324310668505,4.98942465659545,236899,"Pcyt1b","phosphate cytidylyltransferase 1, choline, beta isoform [Source:MGI Symbol;Acc:MGI:2147987]"
"69","ENSMUSG00000035373",6354,"ENSG00000108688","CCL7","C-C motif chemokine ligand 7 [Source:HGNC Symbol;Acc:HGNC:10634]",14.0684789479473,3.60518683066807,0.77394400673173,2.77181330848663e-07,7.18050836714864e-06,1,NA,3.31665951587256,3.34464254105538,3.29921925634018,3.27707268071798,3.78697813023136,3.82873286127088,4.0365365228292,20306,"Ccl7","chemokine (C-C motif) ligand 7 [Source:MGI Symbol;Acc:MGI:99512]"
"70","ENSMUSG00000035429",5794,"ENSG00000080031","PTPRH","protein tyrosine phosphatase receptor type H [Source:HGNC Symbol;Acc:HGNC:9672]",92.4514572152545,2.87456898363449,0.432693046608114,2.04353162547091e-12,1.7456613801304e-10,1,NA,5.59210661567859,5.5211250925485,5.34781552649429,4.99585619638865,6.88767976479038,6.92648358340309,6.85039091245214,545902,"Ptprh","protein tyrosine phosphatase, receptor type, H [Source:MGI Symbol;Acc:MGI:3026877]"
"71","ENSMUSG00000035557",3872,"ENSG00000128422","KRT17","keratin 17 [Source:HGNC Symbol;Acc:HGNC:6427]",54.6723263750074,6.40045158364114,0.881125572155954,6.77312498859014e-14,7.46160965237879e-12,1,NA,3.99042590160226,3.93617524461356,3.94313446345138,3.86845545403438,6.30218044745516,5.04271778629661,5.96057714828427,16667,"Krt17","keratin 17 [Source:MGI Symbol;Acc:MGI:96691]"
"72","ENSMUSG00000035775",54474,"ENSG00000171431","KRT20","keratin 20 [Source:HGNC Symbol;Acc:HGNC:20412]",420.489012797821,3.25729358737855,0.605546166465141,4.97144127120452e-09,2.00093489356277e-07,1,NA,7.08571937156245,6.43530082572963,7.24197158630774,6.16437729717671,9.92097593782365,8.08628922301999,8.97680920503225,66809,"Krt20","keratin 20 [Source:MGI Symbol;Acc:MGI:1914059]"
"73","ENSMUSG00000036362",53829,"ENSG00000181631","P2RY13","purinergic receptor P2Y13 [Source:HGNC Symbol;Acc:HGNC:4537]",34.7794558378713,2.93558995297086,0.526280282326934,1.48171987149554e-09,6.69499304304497e-08,1,NA,4.40050668285213,4.27859806460935,4.34290701902446,4.25766626076632,5.58116090919555,5.11027272898901,5.11801863534634,74191,"P2ry13","purinergic receptor P2Y, G-protein coupled 13 [Source:MGI Symbol;Acc:MGI:1921441]"
"74","ENSMUSG00000037035",3625,"ENSG00000163083","INHBB","inhibin subunit beta B [Source:HGNC Symbol;Acc:HGNC:6067]",333.829787177729,2.7650898893672,0.48076454609007,6.05644652900244e-10,2.96877007380367e-08,1,NA,7.14148281212578,7.12901340823694,6.74922842761277,6.49121016261636,9.41476212080468,7.93793751716036,8.86243337470031,16324,"Inhbb","inhibin beta-B [Source:MGI Symbol;Acc:MGI:96571]"
"75","ENSMUSG00000037053",563,"ENSG00000160862","AZGP1","alpha-2-glycoprotein 1, zinc-binding [Source:HGNC Symbol;Acc:HGNC:910]",26.6445569615334,-3.2784945588618,1.49324747772049,0.000528793020859869,0.00475846923865984,1,NA,4.78180809379001,3.76330368294008,5.1923162119343,3.83784877024345,3.75343696947885,3.6880613352853,3.54242824547112,12007,"Azgp1","alpha-2-glycoprotein 1, zinc [Source:MGI Symbol;Acc:MGI:103163]"
"76","ENSMUSG00000037411",5054,"ENSG00000106366","SERPINE1","serpin family E member 1 [Source:HGNC Symbol;Acc:HGNC:8583]",796.676881069996,2.79285442166876,0.477246404299797,3.4167832637286e-10,1.75910663803252e-08,1,NA,8.50184592781807,8.29268644344894,7.57562711583699,7.53299033623276,10.3671827396339,9.34386616311536,10.5761228000647,18787,"Serpine1","serine (or cysteine) peptidase inhibitor, clade E, member 1 [Source:MGI Symbol;Acc:MGI:97608]"
"77","ENSMUSG00000037428",7425,"ENSG00000128564","VGF","VGF nerve growth factor inducible [Source:HGNC Symbol;Acc:HGNC:12684]",5.52711863702218,4.53863035189603,1.62927897176967,0.00010936523116496,0.00128496631141151,1,NA,2.18505439254799,2.21372239591893,2.18191850791408,2.18319325348448,2.51259001073429,2.44984260701438,2.46023403289619,381677,"Vgf","VGF nerve growth factor inducible [Source:MGI Symbol;Acc:MGI:1343180]"
"78","ENSMUSG00000037548",3109,"ENSG00000242574","HLA-DMB","major histocompatibility complex, class II, DM beta [Source:HGNC Symbol;Acc:HGNC:4935]",57.0168697670714,2.74659847237156,0.624133306222229,6.54210080262489e-07,1.52152379829376e-05,1,NA,4.59426017522532,4.71243180725812,4.99048571321485,4.86016256338804,6.53707389231797,5.43463833647262,5.90414633514037,15000,"H2-DMb2","histocompatibility 2, class II, locus Mb2 [Source:MGI Symbol;Acc:MGI:95923]"
"79","ENSMUSG00000037583",8431,"ENSG00000131910","NR0B2","nuclear receptor subfamily 0 group B member 2 [Source:HGNC Symbol;Acc:HGNC:7961]",48.315870571353,-2.00481740998664,0.587564416501253,3.49342653739923e-05,0.000483872404130242,1,NA,5.23899898310008,5.51408078897494,5.97299739020562,5.96357938360725,4.76762616439977,4.98249439386575,4.90409116211178,23957,"Nr0b2","nuclear receptor subfamily 0, group B, member 2 [Source:MGI Symbol;Acc:MGI:1346344]"
"80","ENSMUSG00000037868",1959,"ENSG00000122877","EGR2","early growth response 2 [Source:HGNC Symbol;Acc:HGNC:3239]",197.415450362793,4.52335099570218,0.520085288672497,2.31088127462213e-19,7.05545065731772e-17,1,NA,5.53568114805056,5.36278145964792,5.25704721564748,5.02961912198384,8.50242538208792,7.05033048347178,8.10010985416054,13654,"Egr2","early growth response 2 [Source:MGI Symbol;Acc:MGI:95296]"
"81","ENSMUSG00000038067",1440,"ENSG00000108342","CSF3","colony stimulating factor 3 [Source:HGNC Symbol;Acc:HGNC:2438]",4.95465307826193,2.88209382738535,1.39456787098897,0.00217199670012546,0.0150714004789225,1,NA,2.08479373678676,2.08443723101386,2.13039605537428,2.10944342847946,2.33612042984807,2.30236439795882,2.35344156324996,12985,"Csf3","colony stimulating factor 3 (granulocyte) [Source:MGI Symbol;Acc:MGI:1339751]"
"82","ENSMUSG00000038670",4606,"ENSG00000086967","MYBPC2","myosin binding protein C2 [Source:HGNC Symbol;Acc:HGNC:7550]",134.470755283824,4.20709453878116,0.505979529117428,6.01340981810363e-18,1.33873536075532e-15,1,NA,5.17178827763818,5.06815414480557,4.9533680140432,5.24361959536034,7.96572624442073,6.66811650637893,7.25773806079912,233199,"Mybpc2","myosin binding protein C, fast-type [Source:MGI Symbol;Acc:MGI:1336170]"
"83","ENSMUSG00000039109",2162,"ENSG00000124491","F13A1","coagulation factor XIII A chain [Source:HGNC Symbol;Acc:HGNC:3531]",525.233177159509,3.24728556591521,0.370279242217275,1.32688451707305e-19,4.17031998513017e-17,1,NA,7.4921782929036,6.68342439958373,7.45239997405124,7.24178298126341,9.95396172392832,9.44554107346045,9.30163876097794,74145,"F13a1","coagulation factor XIII, A1 subunit [Source:MGI Symbol;Acc:MGI:1921395]"
"84","ENSMUSG00000039252",55203,"ENSG00000153012","LGI2","leucine rich repeat LGI family member 2 [Source:HGNC Symbol;Acc:HGNC:18710]",520.622510348906,4.86210299919092,0.39603775751616,8.72517729305427e-36,1.43441914697812e-32,1,NA,6.45570299618909,6.23627236073411,6.15421033876303,5.83638013814988,9.8454379281354,8.82676889862243,9.72155839330186,246316,"Lgi2","leucine-rich repeat LGI family, member 2 [Source:MGI Symbol;Acc:MGI:2180196]"
"85","ENSMUSG00000039323",3485,"ENSG00000115457","IGFBP2","insulin like growth factor binding protein 2 [Source:HGNC Symbol;Acc:HGNC:5471]",3762.875576436,3.7239509239687,0.364451292114146,1.28296853676537e-25,8.84503340895142e-23,1,NA,8.85852842892612,9.67496044728252,9.65079920384415,10.0214724103422,12.2287020641286,12.6714341233939,12.5848017104746,16008,"Igfbp2","insulin-like growth factor binding protein 2 [Source:MGI Symbol;Acc:MGI:96437]"
"86","ENSMUSG00000039546",55966,"ENSG00000196581","AJAP1","adherens junctions associated protein 1 [Source:HGNC Symbol;Acc:HGNC:30801]",73.8634732996016,2.96087114258191,0.56288235205963,8.58487804584420e-09,3.29992830208241e-07,1,NA,5.18775928719234,5.28284432111213,4.85110004656449,4.76417515087725,6.86595251203423,6.08076609647541,6.3989466545656,230959,"Ajap1","adherens junction associated protein 1 [Source:MGI Symbol;Acc:MGI:2685419]"
"87","ENSMUSG00000040133",11245,"ENSG00000166073","GPR176","G protein-coupled receptor 176 [Source:HGNC Symbol;Acc:HGNC:32370]",143.172002250021,2.99448573150557,0.337044440133212,5.17773201499115e-20,1.72903888475611e-17,1,NA,5.81174531434761,5.88895351065535,5.91925214698484,5.72198704150457,7.27096457015489,7.4221757105219,7.95749432372117,381413,"Gpr176","G protein-coupled receptor 176 [Source:MGI Symbol;Acc:MGI:2685858]"
"88","ENSMUSG00000040405",26762,"ENSG00000113249","HAVCR1","hepatitis A virus cellular receptor 1 [Source:HGNC Symbol;Acc:HGNC:17866]",975.13214981597,7.70409449404697,0.931027081786443,1.18882956893551e-17,2.46676364536794e-15,1,NA,5.20193548909458,4.97126810777538,5.33802411973953,5.08545022132381,11.2965535803267,8.40248013227267,9.53981865818311,171283,"Havcr1","hepatitis A virus cellular receptor 1 [Source:MGI Symbol;Acc:MGI:2159680]"
"89","ENSMUSG00000040522",51311,"ENSG00000101916","TLR8","toll like receptor 8 [Source:HGNC Symbol;Acc:HGNC:15632]",45.000585012296,3.41538689687269,0.612275284470572,1.4134828216521e-09,6.42743720518058e-08,1,NA,4.61552105854243,4.33726414910504,4.35481393872744,4.2812704963952,6.05281122202321,5.32373534038093,5.51798245990542,170744,"Tlr8","toll-like receptor 8 [Source:MGI Symbol;Acc:MGI:2176887]"
"90","ENSMUSG00000041324",3624,"ENSG00000122641","INHBA","inhibin subunit beta A [Source:HGNC Symbol;Acc:HGNC:6066]",218.579258818397,3.23767471876511,0.42381690383051,1.49147216661245e-15,2.21359327394731e-13,1,NA,6.4607635668581,5.98084808984398,6.00198435042616,6.07673900176205,8.42223168212468,7.49600717471849,8.55019087406775,16323,"Inhba","inhibin beta-A [Source:MGI Symbol;Acc:MGI:96570]"
"91","ENSMUSG00000041481",12,"ENSG00000196136","SERPINA3","serpin family A member 3 [Source:HGNC Symbol;Acc:HGNC:16]",127.108870718417,2.83792408281458,0.27134021978981,1.0797952786772e-26,7.69246156529635e-24,1,NA,5.93017076710448,5.58764151435295,5.8797750409576,5.7903398728187,7.3603610956851,7.45955101953352,7.39979009752534,20715,"Serpina3g","serine (or cysteine) peptidase inhibitor, clade A, member 3G [Source:MGI Symbol;Acc:MGI:105046]"
"92","ENSMUSG00000042265",54210,"ENSG00000124731","TREM1","triggering receptor expressed on myeloid cells 1 [Source:HGNC Symbol;Acc:HGNC:17760]",9.67699852639129,2.90857774085786,0.99894213622485,0.000187046927745287,0.0020098375765572,1,NA,2.91056393083194,2.84846200857486,2.83939467828912,2.87198884487628,3.47400813602501,3.08385512898088,3.20705271531358,58217,"Trem1","triggering receptor expressed on myeloid cells 1 [Source:MGI Symbol;Acc:MGI:1930005]"
"93","ENSMUSG00000042306",57402,"ENSG00000189334","S100A14","S100 calcium binding protein A14 [Source:HGNC Symbol;Acc:HGNC:18901]",864.449382255127,3.31766109437112,0.310988161815965,1.08034698982369e-27,7.96178478155584e-25,1,NA,7.32013129914988,7.97364694299367,8.16857485250647,7.96238489099894,10.3381153090205,10.2216880861888,10.4896826011678,66166,"S100a14","S100 calcium binding protein A14 [Source:MGI Symbol;Acc:MGI:1913416]"
"94","ENSMUSG00000042436",4239,"ENSG00000166482","MFAP4","microfibril associated protein 4 [Source:HGNC Symbol;Acc:HGNC:7035]",847.443609524029,2.99121585127581,0.461636303368299,6.69390943052074e-12,4.95025025429374e-10,1,NA,8.40094046423454,8.34010040474038,7.66931835332765,7.32627496745424,10.7050717940588,9.64753581238024,10.3320783090116,76293,"Mfap4","microfibrillar-associated protein 4 [Source:MGI Symbol;Acc:MGI:1342276]"
"95","ENSMUSG00000045027",64063,"ENSG00000005001","PRSS22","serine protease 22 [Source:HGNC Symbol;Acc:HGNC:14368]",40.9924673261845,2.81681193931802,0.58424594368605,8.59916731870624e-08,2.61424472169829e-06,1,NA,4.54109332430292,4.38728916068983,4.61491490445011,4.36467873104822,5.91439843994145,5.18969941364271,5.38116795713041,70835,"Prss22","protease, serine 22 [Source:MGI Symbol;Acc:MGI:1918085]"
"96","ENSMUSG00000046093",51440,"ENSG00000116983","HPCAL4","hippocalcin like 4 [Source:HGNC Symbol;Acc:HGNC:18212]",245.23630535785,2.73446840535292,0.316866291181566,4.36857063982041e-19,1.26169042857084e-16,1,NA,6.40046821368293,6.58498316372296,6.68666705675085,6.78205991340617,8.73228514757845,8.01445907099993,8.43581507779822,170638,"Hpcal4","hippocalcin-like 4 [Source:MGI Symbol;Acc:MGI:2157521]"
"97","ENSMUSG00000049723",4321,"ENSG00000262406","MMP12","matrix metallopeptidase 12 [Source:HGNC Symbol;Acc:HGNC:7158]",66.4169585281603,3.00106060798367,0.515149445158922,3.58501936201575e-10,1.83738690179858e-08,1,NA,4.96587768255764,4.78588708304822,4.99503832769548,4.9411745455072,6.70581346976397,5.69569386980334,6.33092524686501,17381,"Mmp12","matrix metallopeptidase 12 [Source:MGI Symbol;Acc:MGI:97005]"
"98","ENSMUSG00000051439",929,"ENSG00000170458","CD14","CD14 molecule [Source:HGNC Symbol;Acc:HGNC:1628]",714.618434192344,2.96038418679976,0.295303369374331,8.71474994778109e-25,5.47798929070522e-22,1,NA,7.87794531989411,7.70320790204938,7.86564922144194,8.07069882427485,10.4750310702226,9.64332254671831,9.91982715587674,12475,"Cd14","CD14 antigen [Source:MGI Symbol;Acc:MGI:88318]"
"99","ENSMUSG00000052336",1524,"ENSG00000168329","CX3CR1","C-X3-C motif chemokine receptor 1 [Source:HGNC Symbol;Acc:HGNC:2558]",454.443375083209,2.7203080250911,0.308371898327143,8.19947421893307e-20,2.65513883343996e-17,1,NA,7.30852996570723,7.4986504632923,7.61776718430169,7.25976555570151,9.76568842512777,8.94907920226965,9.26432639871528,13051,"Cx3cr1","chemokine (C-X3-C motif) receptor 1 [Source:MGI Symbol;Acc:MGI:1333815]"
"100","ENSMUSG00000052565",3007,"ENSG00000124575","H1-3","H1.3 linker histone, cluster member [Source:HGNC Symbol;Acc:HGNC:4717]",37.4184799681835,-2.93588535122062,0.612228323228019,9.85488226089636e-08,2.93749712245296e-06,1,NA,5.34075738196762,5.38134450342733,4.8243671480918,5.56622274521097,4.39079613253111,4.41960162773091,4.42622594089508,14957,"H1f3","H1.3 linker histone, cluster member [Source:MGI Symbol;Acc:MGI:107502]"
"101","ENSMUSG00000053113",9021,"ENSG00000184557","SOCS3","suppressor of cytokine signaling 3 [Source:HGNC Symbol;Acc:HGNC:19391]",567.713408956577,2.87725397590969,0.342921383472493,3.51102439089416e-18,8.24589156947142e-16,1,NA,7.17260649230221,7.48641373690923,7.87225404365625,7.79201270613982,9.96039509648091,9.25411961112046,9.81851428200983,12702,"Socs3","suppressor of cytokine signaling 3 [Source:MGI Symbol;Acc:MGI:1201791]"
"102","ENSMUSG00000053268",1834,"ENSG00000152591","DSPP","dentin sialophosphoprotein [Source:HGNC Symbol;Acc:HGNC:3054]",5.91700117818274,6.4523190335385,2.87511657853349,8.04231483801601e-05,0.000984987694659474,1,NA,2.1367109573182,2.1362427912711,2.13307204002444,2.13455362177972,2.68180616171468,2.31419201520401,2.36346854122743,666279,"Dspp","dentin sialophosphoprotein [Source:MGI Symbol;Acc:MGI:109172]"
"103","ENSMUSG00000053279",216,"ENSG00000165092","ALDH1A1","aldehyde dehydrogenase 1 family member A1 [Source:HGNC Symbol;Acc:HGNC:402]",760.605354750724,2.85422561648953,0.164442653220497,1.35300366889839e-68,2.89163944116964e-64,1,NA,8.03337068070602,8.00624619769689,8.00555250729267,8.25940571514506,10.2033926575691,10.1226628903598,10.1552264031777,11668,"Aldh1a1","aldehyde dehydrogenase family 1, subfamily A1 [Source:MGI Symbol;Acc:MGI:1353450]"
"104","ENSMUSG00000053475",7130,"ENSG00000123610","TNFAIP6","TNF alpha induced protein 6 [Source:HGNC Symbol;Acc:HGNC:11898]",9.50580823198678,2.95182483897217,1.00417110136841,0.000192917726816916,0.00206048858447333,1,NA,2.89903409587569,2.89719332733153,2.90981819283126,2.83429186317696,3.18556387295257,3.15396995653915,3.47553924603579,21930,"Tnfaip6","tumor necrosis factor alpha induced protein 6 [Source:MGI Symbol;Acc:MGI:1195266]"
"105","ENSMUSG00000054422",2168,"ENSG00000163586","FABP1","fatty acid binding protein 1 [Source:HGNC Symbol;Acc:HGNC:3555]",98.1185734003449,-2.66212999293953,0.903316167693766,9.01050474454876e-05,0.00108736593676169,1,NA,7.53185496631166,5.32614897676407,6.84717542939625,5.57197160913174,5.20671641596282,5.17814952095146,4.9861295637072,14080,"Fabp1","fatty acid binding protein 1, liver [Source:MGI Symbol;Acc:MGI:95479]"
"106","ENSMUSG00000054999",10004,"ENSG00000168060","NAALADL1","N-acetylated alpha-linked acidic dipeptidase like 1 [Source:HGNC Symbol;Acc:HGNC:23536]",33.6345295470401,-2.13258810306173,0.507089389828752,1.5311474338762e-06,3.16518014754783e-05,1,NA,5.41505852443188,5.07321564476672,5.18325348984356,4.99940991702324,4.52941691559869,4.56167014830479,4.4378503505337,381204,"Naaladl1","N-acetylated alpha-linked acidic dipeptidase-like 1 [Source:MGI Symbol;Acc:MGI:2685810]"
"107","ENSMUSG00000055301",131,"ENSG00000196344","ADH7","alcohol dehydrogenase 7 (class IV), mu or sigma polypeptide [Source:HGNC Symbol;Acc:HGNC:256]",421.652950369529,3.49641464847085,0.308142811713004,5.72760070649322e-31,6.12051411495866e-28,1,NA,6.86511789856676,6.60754709029158,6.99886820941107,6.84665642133484,9.52778332561699,8.76486729462222,9.39022518052174,11529,"Adh7","alcohol dehydrogenase 7 (class IV), mu or sigma polypeptide [Source:MGI Symbol;Acc:MGI:87926]"
"108","ENSMUSG00000056973",1066,"ENSG00000198848","CES1","carboxylesterase 1 [Source:HGNC Symbol;Acc:HGNC:1863]",4380.83074110432,-2.03659611002447,0.311936454913987,3.60367996772629e-12,2.87380030859128e-10,1,NA,12.6242918494247,12.8549630180385,12.1234743815419,12.0647558813795,10.6645143499934,11.1331831622169,10.736771298158,104158,"Ces1d","carboxylesterase 1D [Source:MGI Symbol;Acc:MGI:2148202]"
"109","ENSMUSG00000057751",1953,"ENSG00000162591","MEGF6","multiple EGF like domains 6 [Source:HGNC Symbol;Acc:HGNC:3232]",370.539153544368,3.49216662239645,0.258773463250088,1.19644825171391e-42,4.26174867260493e-39,1,NA,6.72193893614757,6.79676762075258,6.74017538836663,6.51632862389429,9.16737368831956,8.73543156855217,9.26652515080001,230971,"Megf6","multiple EGF-like-domains 6 [Source:MGI Symbol;Acc:MGI:1919351]"
"110","ENSMUSG00000059668",3851,"ENSG00000170477","KRT4","keratin 4 [Source:HGNC Symbol;Acc:HGNC:6441]",63.7382915798612,4.02501907827317,0.446024883555965,1.74744831538765e-20,6.32990938923135e-18,1,NA,4.56764109429426,4.52377877294821,4.71008085982529,4.5969195204182,6.23901025768434,5.99322502691473,6.48991367388251,16682,"Krt4","keratin 4 [Source:MGI Symbol;Acc:MGI:96701]"
"111","ENSMUSG00000061462",84033,"ENSG00000154358","OBSCN","obscurin, cytoskeletal calmodulin and titin-interacting RhoGEF [Source:HGNC Symbol;Acc:HGNC:15719]",55.3692663163089,-2.72773050794105,1.00619794350732,0.000182749131599216,0.00196959881015554,1,NA,6.66400632674139,5.45219668824134,5.0242059205307,4.60650561015415,4.49351718311147,4.41664112371198,4.53062603090301,380698,"Obscn","obscurin, cytoskeletal calmodulin and titin-interacting RhoGEF [Source:MGI Symbol;Acc:MGI:2681862]"
"112","ENSMUSG00000061947",51156,"ENSG00000140093","SERPINA10","serpin family A member 10 [Source:HGNC Symbol;Acc:HGNC:15996]",780.79946093465,2.8254424691911,0.453910604021568,3.41351528227811e-11,2.15202503282737e-09,1,NA,8.35877787726227,7.63205803510109,8.22451673766787,7.67940652871904,10.6579836411001,9.22338800726409,10.236524836508,217847,"Serpina10","serine (or cysteine) peptidase inhibitor, clade A (alpha-1 antiproteinase, antitrypsin), member 10 [Source:MGI Symbol;Acc:MGI:2667725]"
"113","ENSMUSG00000062380",10381,"ENSG00000258947","TUBB3","tubulin beta 3 class III [Source:HGNC Symbol;Acc:HGNC:20772]",35.3921299620846,3.7245152663513,0.943213636292186,4.20755216118264e-06,7.67267958948766e-05,1,NA,4.23473828188173,3.9165472745851,4.0582698791926,3.86421779802332,5.61879242487554,4.6851835513997,5.23879171398371,22152,"Tubb3","tubulin, beta 3 class III [Source:MGI Symbol;Acc:MGI:107813]"
"114","ENSMUSG00000063011",10232,"ENSG00000102854","MSLN","mesothelin [Source:HGNC Symbol;Acc:HGNC:7371]",598.306406044313,3.15290391531862,0.250984133697805,2.78525562289852e-37,5.95264831725872e-34,1,NA,7.53874513514498,7.40370283084666,7.72325062233542,7.45976364773872,9.72448568747147,9.51709078547775,10.1008576277792,56047,"Msln","mesothelin [Source:MGI Symbol;Acc:MGI:1888992]"
"115","ENSMUSG00000063903",354,"ENSG00000142515","KLK3","kallikrein related peptidase 3 [Source:HGNC Symbol;Acc:HGNC:6364]",66865.1094292337,-2.16971457416842,0.261039103646993,2.57529577057173e-18,6.25445695552944e-16,1,NA,16.5565218703034,16.2054391709321,16.5736674848131,16.2666552853395,14.3639820669042,15.0329745755739,14.6141350816198,16612,"Klk1","kallikrein 1 [Source:MGI Symbol;Acc:MGI:102850]"
"116","ENSMUSG00000063903",3816,"ENSG00000167748","KLK1","kallikrein 1 [Source:HGNC Symbol;Acc:HGNC:6357]",66865.1094292337,-2.16971457416842,0.261039103646993,2.57529577057173e-18,6.25445695552944e-16,1,NA,16.5565218703034,16.2054391709321,16.5736674848131,16.2666552853395,14.3639820669042,15.0329745755739,14.6141350816198,16612,"Klk1","kallikrein 1 [Source:MGI Symbol;Acc:MGI:102850]"
"117","ENSMUSG00000063903",3817,"ENSG00000167751","KLK2","kallikrein related peptidase 2 [Source:HGNC Symbol;Acc:HGNC:6363]",66865.1094292337,-2.16971457416842,0.261039103646993,2.57529577057173e-18,6.25445695552944e-16,1,NA,16.5565218703034,16.2054391709321,16.5736674848131,16.2666552853395,14.3639820669042,15.0329745755739,14.6141350816198,16612,"Klk1","kallikrein 1 [Source:MGI Symbol;Acc:MGI:102850]"
"118","ENSMUSG00000067144",10864,"ENSG00000137204","SLC22A7","solute carrier family 22 member 7 [Source:HGNC Symbol;Acc:HGNC:10971]",698.583302645013,-2.22335475848113,0.474483996885188,1.16434191969016e-07,3.38562115749906e-06,1,NA,9.46594037058198,9.44248392437881,9.6160316130218,10.3447831780627,8.49790892820393,7.298328731577,8.13061712424242,108114,"Slc22a7","solute carrier family 22 (organic anion transporter), member 7 [Source:MGI Symbol;Acc:MGI:1859559]"
"119","ENSMUSG00000068614",70,"ENSG00000159251","ACTC1","actin alpha cardiac muscle 1 [Source:HGNC Symbol;Acc:HGNC:143]",9.98737997088464,3.90780101363059,1.09276106609926,2.91025547871551e-05,0.000412180119888058,1,NA,2.9177968142137,2.8538817393356,2.90285790934348,2.85111109481694,3.37355081113923,3.17887798860815,3.46030972604294,11464,"Actc1","actin, alpha, cardiac muscle 1 [Source:MGI Symbol;Acc:MGI:87905]"
"120","ENSMUSG00000068744",84722,"ENSG00000134222","PSRC1","proline and serine rich coiled-coil 1 [Source:HGNC Symbol;Acc:HGNC:24472]",94.9964469310555,2.96083072486929,0.578251268210245,1.92501631852955e-08,6.75557450896776e-07,1,NA,5.32424537778419,5.73151220733353,4.88393402547378,5.11805006213212,6.81381831412648,6.68432913794116,7.1803415994929,56742,"Psrc1","proline/serine-rich coiled-coil 1 [Source:MGI Symbol;Acc:MGI:1913099]"
"121","ENSMUSG00000071550",55779,"ENSG00000206530","CFAP44","cilia and flagella associated protein 44 [Source:HGNC Symbol;Acc:HGNC:25631]",61.5069110410063,3.48379288482313,0.392692740259871,5.16411184154501e-20,1.72903888475611e-17,1,NA,4.80152190714979,4.84802324856906,4.72855251245215,4.67298854665888,6.27443747073337,6.00988474238684,6.35065263254269,212517,"Cfap44","cilia and flagella associated protein 44 [Source:MGI Symbol;Acc:MGI:1277238]"
"122","ENSMUSG00000074768",635,"ENSG00000145692","BHMT","betaine--homocysteine S-methyltransferase [Source:HGNC Symbol;Acc:HGNC:1047]",305.539430557364,-3.78635277884058,0.602216452856869,1.36248062961511e-11,9.42360388871652e-10,1,NA,8.38713650265667,7.23096912437046,9.14517687682021,8.56989145890541,5.86314344195476,6.4072031634809,5.82374103645644,12116,"Bhmt","betaine-homocysteine methyltransferase [Source:MGI Symbol;Acc:MGI:1339972]"
"123","ENSMUSG00000079298",3820,"ENSG00000111796","KLRB1","killer cell lectin like receptor B1 [Source:HGNC Symbol;Acc:HGNC:6373]",22.3207510982677,4.0195272027755,0.737976558519628,4.24087537038523e-09,1.73300169055207e-07,1,NA,3.61986871365558,3.65304427199657,3.69213704809245,3.6742729170982,4.83812684520651,4.28983781192092,4.4369396680868,80782,"Klrb1b","killer cell lectin-like receptor subfamily B member 1B [Source:MGI Symbol;Acc:MGI:107539]"
"124","ENSMUSG00000094806",1565,"ENSG00000100197","CYP2D6","cytochrome P450 family 2 subfamily D member 6 [Source:HGNC Symbol;Acc:HGNC:2625]",7.70114489488502,-3.46705663455116,1.65803538578014,0.00149714348516078,0.0111332465430954,1,NA,3.05414665793674,2.69680338999851,3.05528818115869,2.71187678317669,2.59915348669793,2.61041863109845,2.57480224242672,13101,"Cyp2d10","cytochrome P450, family 2, subfamily d, polypeptide 10 [Source:MGI Symbol;Acc:MGI:88602]"
"125","ENSMUSG00000101389",51338,"ENSG00000110079","MS4A4A","membrane spanning 4-domains A4A [Source:HGNC Symbol;Acc:HGNC:13371]",48.4194807916846,3.20929023599653,0.564835153291902,8.47949591266022e-10,4.06331360191422e-08,1,NA,4.5398224086005,4.40064108379966,4.47992090175252,4.76092370942109,6.13140002370594,5.71927761816272,5.49394172996361,666907,"Ms4a4a","membrane-spanning 4-domains, subfamily A, member 4A [Source:MGI Symbol;Acc:MGI:3643932]"
